Company,Date,Time,Vehicle 1 Year,Vehicle Make,Vehicle Model,Address,City,County,Zip Code,Vehicle 1 Status,Vehicle 2 Status,Vehicles Involved,Describe Veh Damage,Mode,Weather,Lighting,Roadway Surface,Roadway Condition,Mov Proceed Col Veh 1,Mov Proceed Col Veh 2,Collision Type,Vehicle type,Location,Fault,Number of injuries,Injuries,Description,Damaged Area,Latitude,Longitude,Census Tract Code,Census Block Code,Census Block Group,Median Age,Population,White,Black,Asian,Hispanic,Other,Median Income
Waymo LLC,3/26/17,4:50 PM,2012,Lexus,RX450h,Shoreline Blvd and El Camino Real,Mountain View,Santa Clara,94043,Moving,Moving,2,Minor,Autonomous,Unknown,Unknown,Unknown,Unknown,Unknown,Unknown,Rear End,Mid-Sized Car,Intersection,Vehicle 2,0,None,"A Waymo Lexus-model autonomous Vehicle (""Waymo AV"") was involved in a collision while in autonomous mode in the left tum lane on
SB Shoreline near El Camino in Mountain View, CA. The Waymo AV was rear-ended by a Toyota Camry while slowly creeping forward
with traffic at the red light. The Waymo AV was travelling around 1 MPH at the time of collision, the Camry was travelling around 7 MPH
at moment of collision. The Waymo A V had minor damage to its rear bumper, the Camry had minor damage to its front bumper. ","7, 8, 9",37.409525,-122.078255,509202,3000,3,31.1,803,285,20,403,95,0,212240
Waymo LLC,4/19/17,6:59 PM,2012,Lexus,RX450h,Middlefield Rd. at Oregon EXPWY.,Palo Alto,Santa Clara,94301,Moving,Moving,2,Minor,Conventional,Unknown,Unknown,Unknown,Unknown,Unknown,Unknown,Hit Object,Mid-Sized Car,Straight Road,Vehicle 2,0,None,"A WAYMO LEXUS-MODEL AUTONOMOUS VEHICLE (""WAYMO AV"") MADE CONTACT WITH A CURB WHILE IN MANUAL MODE ON MIDDLEFIELD ROAD AT OREGON EXPRESSWAY IN PALO ALTO, CA. THE WAYMO AV WAS TRAVELING EASTBOUND IN AUTONOMOUS MODE IN THE RIGHTMOST LANE OF MIDDLEFIELD ROAD. AS THE VEHICLE CROSSED OREGON EXPRESSWAY, THE WAYMO AV AUTONOMOUS SYSTEM DETECTED THE VEHICLE IN THE LEFT ADJACENT LANE BEGIN TO DRIFT TO THE RIGHT, TOWARD THE WAYMO AV. THE WAYMO AV NUDGED TO THE RIGHTMOST SIDE OF ITS LANE. AS THE LEFT ADJACENT VEHICLE CONTINUED TO DRIFT TOWARDS THE WAYMO AV, THE WAYMO AV TEST DRIVER TOOK MANUAL CONTROL. THE WAYMO AV'S FRONT PASSENGER-SIDE TIRE THEN MADE CONTACT WITH THE RIGHT CURB, CAUSING IT TO DEFLATE. THE OTHER VEHICLE THEN STRAIGHTENED ITS TRAJECTORY IN ITS LANE AND CONTINUED ON. THERE WERE NO INJURIES REPORTED. ","14, 15",37.435749,-122.13304,510900,1000,1,,,,,,,0,
UATC,5/11/17,10:50 AM,2017,Valvo,XC90,Wisconsin Street and Coral Rd. ,San Francisco,San Francisco,94107,Stopped in Traffic,Moving,2,Minor,Conventional,Clear,Daylight,Dry,No Unusual Conditions,Stopped,Proceeding Straight,Rear End,Mid-Sized Car,Intersection,Vehicle 2,0,None,"An Uber Volvo XC 90 registered under the DMV testing program (""Vehicle l "") approached and came to a complete stop at a stop sign heading south on Wisconsin Street at Coral Street in San Francisco . After Vehicle 1made a complete stop, another vehicle (""Vehi cle 2"") approached from behind Vehicle I and rear-ended the stationary Vehicle 1 before Vehicle 1 was able to proceed through the intersection. ","7, 8, 9",37.753822,-122.398606,061401,1001,1,,,,,,,0,
UATC,5/17/17,12:55 PM,2017,Valvo,XC90,Noe St & 22nd Street,San Francisco,San Francisco,94114,Stopped in Traffic,Moving,2,Minor,Conventional,Clear,Daylight,Dry,No Unusual Conditions,Stopped,Proceeding Straight,Rear End,Compact Car,Intersection,Vehicle 2,0,None,"An Uber Volvo XC 90 registered under the DMV testing program (""Vehicle 1"") approached and came to a complete stop at a stop sign
heading north on Noe Street at 22nd Street in San Francisco. After Vehicle 1 made a complete stop, Vehicle 2 was on approach from behind Vehicle land rear-ended the stationary Vehicle l before Vehicle 1 was able to proceed through the intersection. ","7, 8, 9",37.754628,-122.432177,021100,4003,4,,,,,,,0,
Cruise,5/25/17,5:26 PM,2017,Chevrolet,Bolt,11th St. and Mission St. ,San Francisco,San Francisco,94103,Moving,Moving,3,Minor,Autonomous,Unknown,Unknown,Unknown,Unknown,Unknown,Unknown,Rear End,Two-Wheels,Intersection,Vehicle 1,1,the cyclist scraped his knee,"A Cruise autonomous vehicle (""Cruise A V"") was traveling northbound on 11 th Street in San Francisco in autonomous mode, turning left
onto Mission Street in the outer of two left tum lanes . During the tum, a vehicle in the inner of the two left tum lanes began to cut in front of the Cruise A V. The Cruise A V braked, and a bike that had been closely cross ing behind the rear of the Cruise A V ran into the b ack of the Cmise A V. Police were not present or called to the scene. None of the occupants of the Cruise AV were injured. The Cruise AV occupants observed th at the cyclist scraped hi s knee. At the time, the cyclist stated an intention to seek medical evaluation, but declined to seek emergency assistance. There was a minor scratch on the A V, and the bicycle had no visible damage. ",None,37.774325,-122.417104,017700,2002,2,,,,,,,0,
Cruise,6/7/17,1:00 PM,2017,Chevrolet,Bolt,Van Ness Ave at O'Farrell Street (northbound),San Francisco,San Francisco,94109,Moving,Moving,2,Minor,Autonomous,Unknown,Unknown,Unknown,Unknown,Unknown,Unknown,Rear End,Truck/Bus,Straight Road,Vehicle 2,0,None,"A Cruise automomous vehicle (""Cruise A V"") was involved in a collison on Van Ness Avenue. The Criuse AV was -traveling northbound at
7 mph when a bus merged into the lane in front of the Cruise AV. The Criuse AV braked, and a white minivan that had been closely following ran into the back of the Crulse A V. Police were not p.rese:ntor called to the scene. ",8,37.784752,-122.421193,012202,2007,2,,,,,,,0,
Cruise,6/28/17,11:48 AM,2017,Chevrolet,Bolt,Montgomery St. (southbound) and Post St. ,San Francisco,San Francisco,94104,Moving,Moving,2,Minor,Autonomous,Unknown,Unknown,Unknown,Unknown,Unknown,Unknown,Rear End,Mid-Sized Car,Intersection,Vehicle 2,0,None,"A Cruise automomous vehicle (""Cruise A V"") was involved in a collison on Montgomery Street at Post Street. The cruise AV was the lead car stopped at a red light. When the light turned green the crusie av began moving forward. Shortly thereafter with the cruise av traveling at <1mph, a van closely following behind ran into the back of the cruis av. Police were not present or called at the scene. ",8,37.789103,-122.401997,011700,4011,4,,,,,,,0,
Cruise,7/6/17,10:54 AM,2017,Chevrolet,Bolt,19th St (westbound) & Shotwell St,San Francisco,San Francisco,94110,Moving,Moving,2,Minor,Autonomous,Unknown,Unknown,Unknown,Unknown,Unknown,Unknown,Side Swipe,Truck/Bus,Intersection,Vehicle 2,0,None,"A Cruise autonomous vehicle (""Cruise AV"") was involved in a collision on 19th street at shotwell street. The cruise AV, heading west, was slowing down as it approached the four-way stop at which point the driver of a pick up truck behind the cruise av drove into the oncoming lane and began passing the cruise av. While driving past the cruise av, the truck slipped the cruise av's front driver's side corner and continued through the intersection in the opposite lane of travel. The paties stopped and exchanged information after the intersection. Police were called to the scene but no report was created. ","1, 18",37.760433,-122.415929,022801,1009,1,,,,,,,0,
UATC,8/16/17,2:55 PM,2017,Valvo,XC90,Geary Blvd. & 3rd Ave,San Francisco,San Francisco,94118,Stopped in Traffic,Moving,2,Minor,Conventional,Unknown,Unknown,Unknown,Unknown,Unknown,Unknown,Rear End,Mid-Sized Car,Intersection,Vehicle 2,0,None,"An Uber Volvo XC 90 registered under the DMV testing program (""Uber SOY"") was eastbound on Geary Blvd preparing to make a right turn onto 3rd Ave. The vehicle operator disengaged the combined advanced driver assist systems on the vehicle to wait for pedestrians before making a right tum onto 3rd Ave. While the Uber SDV was stopped, a Toyota Tacoma impacted the rear of the Uber SDV. Tiie collision caused minor damage lo the vehicle's rear hatch and bumper and scuffed the Tacoma's bumper. No injuries were reported onsite. Police were not called. The Uber SDV co-pilot later reported wrist discomfort. ","6, 7, 8, 9",37.781159,-122.461063,045100,1001,1,,,,,,,0,
Waymo LLC,8/26/17,8:39 AM,2017,Chrysler,Pacifica,Alma Street and El Vemno Avenue,Palo Alto,Santa Clara,94306,Moving,Moving,2,Minor,Conventional,Unknown,Unknown,Unknown,Unknown,Unknown,Unknown,Rear End,Compact Car,Straight Road,Vehicle 1,0,None,"A Waymo autonomous vehicle (""Waymo AV"") in manual traveling eastbound in the left lane on Almo Street in Palo Alto was involved in a minor collision. The Waymo AV was in autonomous mode when a vehiccle ahead of it swearved right to avoid an object in the road. The driver of the Waymo AV then disengaged and began to change lanes to the right to avoid the object. The Waymo AV's rear bumper then scraped the front left bumper of a van processing in the adjacent right lane. The waymo av was trsveling at approx 21 mph while the other vehicle was traveling at approx 26 mph at the time of the collision. The waymo av experienced minor damage to its rear bumper. The other vehicle experienced minor damage to its front bumper. There were no injuries reported at the scene by either party. ","7, 8, 9",37.415457,-122.119917,510803,2008,2,41.2,1501,510,49,697,184,61,150500
Cruise,9/9/17,4:47 PM,2016,Chevrolet,Bolt,Folsom Street and 6th Street,San Francisco,San Francisco,94103,Moving,Moving,2,Moderate,Conventional,Unknown,Unknown,Unknown,Unknown,Unknown,Unknown,Rear End,Mid-Sized Car,Intersection,Vehicle 2,0,None,"A Cruise AV operating in coventional mode, was involved in a collision while preparing to turn left from Folsom Street onto 6th Street. The driver of the cruise av decelerated and stopped to let a pedestrian clear the crosswalk. A Ford Explorer behind the Cruise AV then impacted the rear passenger-side corner of the Cruise av. The police were called, but declined to respond citing the lack of any reported injury. ","9, 10",37.778943,-122.406162,017804,2002,2,,,,,,,0,
Cruise,9/12/17,11:10 AM,2016,Chevrolet,Bolt,Folsom Street and 6th Street,San Francisco,San Francisco,94103,Moving,Moving,2,Minor,Conventional,Unknown,Unknown,Unknown,Unknown,Unknown,Unknown,Head-on,Two-Wheels,Straight Road,Vehicle 2,0,None,"A Cruise autonomous vehicle (""Cruise AV""), operating in conventional mode, was involved in an incident while traveling eastbound on Harrison Street between 12th and 11th Streets. The Cruise A V's driver observed a cyclist traveling in the wrong direction toward the Cruise AV. The cyclist was waving his hands and swerving severely; he appeared to be intoxicated. The driver brought the Cruise AV to a complete stop. The cyclist continued weaving toward the Cruise AV, collided with the Cruise A V's front-right bumper, and fell over. After getting to his feet, the cyclist picked up his bike and deliberately hit the bike's front tire into the passenger side of the Cruise AV. He then pulled on a sensor on the Cmise A V's rear, passenger-side, causing minor damage. With the cyclist off to the side of the vehicle, the driver of the Cruise AV slowly pulled away from the interaction. Police were not present or called to the scene,","13, 14, 15",37.778943,-122.406162,017804,2002,2,,,,,,,0,
Cruise,9/15/17,11:20 PM,2017,Chevrolet,Bolt,Potrero St and Division St,South San Francisco,San Francisco,94103,Moving,Moving,2,Minor,Conventional,Unknown,Unknown,Unknown,Unknown,Unknown,Unknown,Side Swipe,Mid-Sized Car,Intersection,Vehicle 2,0,None,"A Cruise autonomous vehicle (Cruise AV) initially operating in autonomous mode, was involved in an incident whiletraveling northbound as Potrero Ave turns into Brannan Stret. The Cruise AV was proceeding straight through the intersection, which bends to the right, when a black dodge charger came up quickly from behind. The charger was in a left-turn only lane in Cruise AV; but instead of turning left, the charger tried to overtake the Cruise AV and to proceed straight as well. At this point, the driver of the Cruise AV took over manual control. As the Charger tried to overtake the Cruise AV and to proceed straight as well. At this point, the driver of the Cruise AV took over manual control. As the Charger cut off the cruise av, it scraped the Cruise AV's front left sensor. At the time of the collision, the Cruise AV was traveling at 4 mph, while the charger was traveling at approx 12 mph. The charger fled the scene without exchanging info. The driver of the Cruise AV called the police to the incident as a hit-and-run but the police were not dispatched and no report was filed. ","15, 16",37.769299,-122.406882,017700,1002,1,,,,,,,0,
Cruise,9/18/17,3:20 PM,2017,Chevrolet,Bolt,Bay Street and Columbus Avenue,San Francisco,San Francisco,94133,Moving,Moving,3,Minor,Autonomous,Unknown,Unknown,Unknown,Unknown,Unknown,Unknown,Rear End,Mid-Sized Car,Intersection,Vehicle 2,0,None,"A Cruise autonomous vehicle (""Cruise A V""), operating in autonomous mode, was rear-ended while traveling on Bay Street at Columbus Avenue, The Cruise AV was stopped at a red Hght in the left of two eastbound lanes, When the light turned green, the Cruise AV began to proceed forward toward the intersection. In the right lane, another vehicle drifted within its lane toward the Cruise AV. The Cruise AV responded by decelerating, and a car following closely behind rear-ended the Cruise AV, The parties exchanged information. The police were not called. ","7, 8, 9",37.80517,-122.417226,010101,1021,1,,,,,,,0,
Cruise,9/19/17,6:20 PM,2017,Chevrolet,Bolt,Division St & 10th St,San Francisco,San Francisco,94103,Stopped in Traffic,Moving,2,Minor,Autonomous,Unknown,Unknown,Unknown,Unknown,Unknown,Unknown,Rear End,Mid-Sized Car,Intersection,Vehicle 2,0,None,"A Cruise autonomous vehicle (""Cruise AV11 ), operating in autonomous mode, was rear-ended by a white Ford Ranger while waiting at a
stop light on I0th Street, southbound between Bryant and Division Streets. The Ranger crept forward slowly into the Cruise AV, which was
completely stationary at the time of the collision. The parties exchanged information and the driver of the Ranger apologized, adding that
he was on his cell phone. The police were called but, citing the lack of any injury, declined to respond to the scene. ",8,37.770348,-122.409736,017700,1010,1,,,,,,,0,
Cruise,9/21/17,9:09 PM,2017,Chevrolet,Bolt,5th St. & Bryant St.,San Francisco,San Francisco,94107,Moving,Moving,2,Minor,Autonomous,Unknown,Unknown,Unknown,Unknown,Unknown,Unknown,Rear End,Compact Car,Intersection,Vehicle 2,0,None,"A Cruise autonomous vehicle (""Cruise AV11 ), operating in autonomous mode, was rear-ended by a white Volvo V40 while turning left from 5th Street onto Bryant Street. The Cruise AV was the lead car in the right of two left-tum lanes; the Volvo was directly behind. Both vehicles were stopped at a green light and were waiting to turn left. The signal changed, giving the vehicles a green left-tum arrow. The Cruise AV began making the tum and was then rear-ended by the Volvo. The parties exchanged information. The police were not called. ",8,37.777799,-122.400298,018000,2007,2,,,,,,,0,
Zoox,9/27/17,4:00 PM,2016,Toyota,Highlander,Green St. & Battery St.,San Francisco,San Francisco,94111,Moving,Moving,2,Minor,Conventional,Unknown,Unknown,Unknown,Unknown,Unknown,Unknown,Side Swipe,Mid-Sized Car,Intersection,Vehicle 2,0,None,"A Nissan Altima made a left turn into a Zoox autonomous vehicle (""Zoox AV"") that was operating in conventional mode when struck. The
collision occurred while the Zoox AV was traveling straight, eastbound, through the intersection at Battery and Green Streets with the
right-of-way. The driver of the Nissan Altima was distracted when it turned into and collided with the driver's side passenger door of the
Zoox AV. The police were called, but citing a lack of injury, did not respond to the scene. ","14, 15",37.800459,-122.401428,010500,1015,1,,,,,,,0,
Cruise,10/7/17,2:35 AM,2017,Chevrolet,Bolt,14th St and Valencia St,San Francisco,San Francisco,94103,Moving,Moving,2,Minor,Autonomous,Unknown,Unknown,Unknown,Unknown,Unknown,Unknown,Rear End,Mid-Sized Car,Intersection,Vehicle 2,0,None,"A Cruise autonomous vehicle (""Cruise A V""), operating in autonomous mode, was rear-ended on 14th Street. The CruiseAV, in the right of two eastbound lanes, was traversing the intersection at Valencia Street. Slightly ahead in the left lane next to the Cruise AV, a vehicle drifted into the Cruise A V's lane. The Cruise AV responded by decelerating, and was rear-ended by a Honda Accord. The parties exchanged information. The driver of the Accord apologized, saying that a leg cramp prevented him from braking sufficiently. The police were not called.","7, 8, 9",37.768139,-122.422199,020202,2000,2,,,,,,,0,
Cruise,10/12/17,7:40 AM,2017,Chevrolet,Bolt,Bush St & Montgomery St,San Francisco,San Francisco,94104,Moving,Moving,2,Minor,Autonomous,Unknown,Unknown,Unknown,Unknown,Unknown,Unknown,Rear End,Compact Car,Intersection,Vehicle 2,1,A Cruise AV test driver later sought medical evaluation for shoulder stiffness,"A Cruise autonomous vehicle (""Cruise A V""), operating in autonomous mode, was rear-ended while going through a green light on Bush
Street at Montgomery Street. As the Cruise AV passed through the intersection, a pedestrian looking at his cell phone approached the
crosswalk in front of the Cruise AV. The Cruise AV responded by decelerating, and was rear-ended by a Toyota Corolla. The parties
exchanged information, though the driver of the Corolla lacked insurance information. The police were not called. No injuries were reported at the scene by either party. A Cruise AV test driver later sought medical evaluation for shoulder stiffness. ",8,37.790969,-122.40238,011700,4002,4,,,,,,,0,
Cruise,10/16/17,1:34 PM,2017,Chevrolet,Bolt,Harrison St and 15th st,San Francisco,San Francisco,94103,Moving,Moving,2,Minor,Autonomous,Unknown,Unknown,Unknown,Unknown,Unknown,Unknown,Side Swipe,Truck/Bus,Straight Road,Vehicle 2,0,None,"A Cruise autonomous vehicle (""Cruise AV""), operating in autonomous mode, was involved in a collision while heading eastbound on 15th
Street toward Harrison Street. The Cruise AV had stopped briefly, initially to simulate the pick-up of a ridesharing customer and then to
allow oncoming traffic to pass on the narrow street. After the oncoming traffic cleared, the Cruise AV began to proceed. At the same time,
from behind the Cruise AV the driver of a Ford F250 pickup truck drove into the oncoming lane and began passing the Cruise AV. While
overtaking the Cruise AV, the F250 clipped a sensor on the front, driver's-side comer of the Cruise AV. The parties exchanged information.
Though the police were not called, an officer passing by stopped to consult the parties and concluded no further action was required. ","1, 18",37.76707,-122.41326,017700,1011,1,,,,,,,0,
Cruise,10/17/17,5:41 PM,2017,Chevrolet,Bolt,Mission Street between Plum Street and South Van Ness Avenue.,San Francisco,San Francisco,94103,Stopped in Traffic,Moving,2,Minor,Autonomous,Unknown,Unknown,Unknown,Unknown,Unknown,Unknown,Rear End,Compact Car,Straight Road,Vehicle 2,0,None,"A Cruise autonomous vehicle (""Cruise AV""), operating in autonomous mode, was involved in a collision while traveling in the right lane on
Mission Street between Plum Street and South Van Ness Avenue. In heavy stop-and-go traffic, the Crnise AV allowed a delivery van to
merge into traffic from a gas station parking lot, then with a green light the Cruise AV proceeded forward. A pedestrian walking against
traffic, off of the sidewalk and in the Cruise AV' s lane, began to cross the street directly in front of the Cruise AV. The Cruise AV slowed
to a complete stop, and a Mazda Protege 5 entering traffic from the same gas station re.:TI-ended the Cruise AV. The parties proceeded out
of the traffic lane and exchanged information, although the driver of the Protege lacked license information. The police were not called. ",8,37.772961,-122.418533,017700,2007,2,,,,,,,0,
Cruise,10/18/17,4:06 PM,2017,Chevrolet,Bolt,17th St & Folsom St,San Francisco,San Francisco,94110,Stopped in Traffic,Moving,3,Minor,Autonomous,Unknown,Unknown,Unknown,Unknown,Unknown,Unknown,Rear End,Compact Car,Intersection,Vehicle 2,0,None,"A Cruise autonomous vehicle (""Cruise AV""), operating in autonomous mode, was involved in a collision while heading west on 17th Street as it traversed the intersection with Folsom Street. As the Cruise AV passed through the intersection, a scooter came up from behind the Cruise AV and used the right-tum only lane to pass the Cruise AV on its passenger side. The scooter entered the Cruise AV' s lane in front of the AV, and in response the Cruise AV stopped. At the same time, an oncoming Subaru Jmpreza attempted to tum left from 17th Street to Folsom $tree! northbound. As the Subaru turned behind the Cruise AV, the Subaru clipped the rear, driver's-side comer of the Cruise AV. The parties proceeded out of the tt·affic lane and exchanged information. The police were not called. ","6, 7",37.763697,-122.415155,017700,1006,1,,,,,,,0,
Cruise,10/20/17,9:16 AM,2017,Chevrolet,Bolt,Noe St & Henry St,San Francisco,San Francisco,94114,Moving,Moving,2,Minor,Autonomous,Unknown,Unknown,Unknown,Unknown,Unknown,Unknown,Side Swipe,Mid-Sized Car,Intersection,Vehicle 2,0,None,"A Cruise autonomous vehicle (""Cruise AV""), operating in autonomous mode, was involved in a collision while heading south on Noe Street. As the Cruise AV crossed the intersection with Henry Street the driver of a Toyota Land Cruiser behind the Cruise AV drove into the oncoming Iai-ie in an effort to overtake the Cruise AV. At this point, the driver of the Cruise AV took over manual control. As the Toyota cut back into the forward lane of travel, the Toyota scraped the sensor on the Cruise A V's front, driver's-side comer. The Toyota continued through the intersection and left the scene without exchanging information. A passenger in the Crnise AV called the police to report the Incident as a hit-and-run. The police responded but no report was available at the time of the filing of this report. ","1, 18",37.766662,-122.433332,016900,3002,3,,,,,,,0,
Cruise,10/26/17,9:09 PM,2017,Chevrolet,Bolt,5th St & Market St,San Francisco,San Francisco,94102,Stopped in Traffic,Moving,2,Minor,Autonomous,Unknown,Unknown,Unknown,Unknown,Unknown,Unknown,Rear End,Mid-Sized Car,Straight Road,Vehicle 2,0,None,"A Cruise autonomous vehicle (""Cruise AV""), operating in autonomous mode, was involved in a collision while traveling north in the right
lane of 5th Street between Mission Street and Market Street. A white Honda Accord, finding a gap in the slow-moving but heavy traffic,
turned left from Stevenson Street onto 5th Street directly behind the Cruise AV. When the Cruise AV decelerated to merge into the left lane, the driver of the Honda Accord-who appears to have been distracted, looking at a person standing on the sidewalk-failed to notice and rear-ended the Cruise AV. The parties proceeded out of the traffic lane and exchanged information. The police were not called. ","7, 8, 9",37.783991,-122.408067,017602,2000,2,,,,,,,0,
Cruise,11/13/17,10:05 PM,2017,Chevrolet,Bolt,11th St & Folsom St,San Francisco,San Francisco,94103,Moving,Moving,2,Minor,Autonomous,Unknown,Unknown,Unknown,Unknown,Unknown,Unknown,Side Swipe,Mid-Sized Car,Intersection,Vehicle 2,0,None," Cruise autonomous vehicle (""Cruise AV""), operating in autonomous mode, was involved in a collision while traveling northeast in the
middle lane on Folsom Street at the intersection with 11thStreet. While passing through the intersection at 11thStreet, the Cruise AV
followed the lane markings, which shift to the left as the road transitions to a one-way street starting east of 11th Street. All lanes on Folsom Street shift left that that intersection and are clearly marked. A Toyota Camry traveling behind and to the left of the Cruise AV, and gaining on the Cruise AV, did not shift left with its lane and instead crossed over its lane boundary and lightly swiped the side of the Cruise AV. The operator of the Cruise AV disengaged from autonomous mode just prior to the impact. There were no injuries and the police were not called.","3, 4",37.771864,-122.414027,017700,2011,2,,,,,,,0,
Cruise,12/7/17,9:34 AM,2017,Chevrolet,Bolt,Oak St & Fillmore St,San Francisco,San Francisco,94117,Moving,Moving,2,Unknown,Autonomous,Unknown,Unknown,Unknown,Unknown,Unknown,Unknown,Side Swipe,Two-Wheels,Straight Road,Vehicle 2,1,The motorcyclist reported shoulder pain and was taken to receive medical care,"A Cruise autonomous vehicle (""Cruise AV""), operating in autonomous mode in heavy traffic, was involved in a collision while traveling east on Oak Street just past the intersection with Fillmore Street. The Cruise AV was traveling in the center of three one-way lanes. Identifying a space between two vehicles (a minivan in front and a sedan behind) in the left lane, the Cruise AV began to merge into that lane. At the same time, the minivan decelerated. Sensing that its gap was closing, the Cruise AV stopped maldng its lane change and returned fully to the center lane. As the Cruise AV was re-centering itself in the lane, a motorcycle that that had just lane-split between two vehicles in the center and right lanes moved into the center lane, glanced the side of the Cruise AV, wobbled, and fell over. At the time of the collision, the Cruise AV was traveling with the flow of traffic at 12mph, while the motorcycle was traveling at approximately 17mph. The motorcyclist got up and walked his vehicle to the side of the road, where the parties exchanged information. 911 was called pursuant to Cruise policy. The motorcyclist reported shoulder pain and was taken to receive medical care, and a police report was taken. ","12, 13",37.773973,-122.430825,016300,3003,3,,,,,,,0,
Waymo LLC,12/11/17,11:36 AM,2012,Lexus,RX450h,Rengstorff Ave and El Camino Real,Mountain View,Santa Clara,94040,Moving,Moving,2,Minor,Autonomous,Unknown,Unknown,Unknown,Unknown,Unknown,Unknown,Side Swipe,Compact Car,Intersection,Vehicle 2,0,None,"A Google Lexus autonomous vehicle (""Google AV"") traveling southwest in autonomous mode on Rengstorff Ave. in !\!fountain View was
involved in an accident. As the Googl.e AV made a left tum onto El Camino Real from the outside left turn lane, another vehicle in the
inside left tum lane also turning left onto El Camino Real crossed into the outside left tum lane and collided with the driver's side of the
Google A V. The Google A V t;st driver immediately disengaged the autonomous technology, took manual control of the vehicle and
brought it to a stop at the side of El Camino Real. The Google AV sustained damage to its driver-side doors. The other vehicle sustained
damage to i t~ front bumper. The Google AV was traveling approximately 20 mph and the other vehicle was traveling approximately 15
mph at the time of the collision. There were no injuries reported at the scene by either party.","2, 3, 4, 5",37.395829,-122.10188,509403,3002,3,,,,,,,0,
Cruise,1/2/18,9:27 PM,2017,Chevrolet,Bolt,Valencia St. & 16th St,San Francisco,San Francisco,94103,Moving,None,1,Minor,Autonomous,Unknown,Unknown,Unknown,Unknown,Unknown,Unknown,Vehicle/Pedestrian,Pedestrain ,Intersection,Vehicle 2,0,None,"A Cruise autonomous vehicle (""Cruise AV""), operating in autonomous mode, was involved in a collision while making a right hand turn from northbound Valencia Street onto 16th Street The Cruise AV was stopped at a green light in between crosswalks of Valencia Street and 16th Street, waiting for pedestrians to cross over 16th Street. A different pedestrian from the southwest corner of Valencia and 16th ran across Valencia Street, against the ""do not walk"" symbol, shouting, and struck the left side of the Cruise AV's rear bumper and hatch with his entire body. There were no injuries but the Cruise AV sustained some damage to its right rear light. The police were not called. 11","6, 7",37.764917,-122.421886,020201,2000,2,,,,,,,0,
Cruise,1/8/18,11:12 AM,2017,Chevrolet,Bolt,Kansas St & Mariposa St,San Francisco,San Francisco,94107,Moving,Moving,2,Minor,Autonomous,Unknown,Unknown,Unknown,Unknown,Unknown,Unknown,Side Swipe,Pedestrain ,Intersection,Vehicle 2,0,None,"A Cruise autonomous vehicle (""Cruise AV""), operating in autonomous mode, was involved in a collision while traveling northbound on
Kansas Street just past the intersection with Mariposa Street. The Cruise AV was driving in its lane when a cargo truck tried to overtake it
on the left side. As it passed the Cruise AV, the truck clipped the Cruise A V's left front articulating radar. There were no injuries. The
parties exchanged information. The police were called but declined to respond citing the lack of any reported injuries. ","1, 18",37.763445,-122.403412,022704,1008,1,,,,,,,0,
Zoox,1/18/18,9:43 AM,2016,Toyota,Highlander,Pacific Ave. and Sansome St.,San Francisco,San Francisco,94111,Stopped in Traffic,Moving,2,Unknown,Autonomous,Unknown,Unknown,Unknown,Unknown,Unknown,Unknown,Rear End,Compact Car,Intersection,Vehicle 2,0,None,,,37.797654,-122.400863,061101,2000,2,,,,,,,0,
Cruise,1/28/18,10:55 PM,2017,Chevrolet,Bolt,Duboce Ave & Mission St,San Francisco,San Francisco,94103,Stopped in Traffic,Stopped in Traffic,2,Minor,Conventional,Unknown,Unknown,Unknown,Unknown,Unknown,Unknown,Side Swipe,Mid-Sized Car,Straight Road,Vehicle 2,0,None,"A Cruise autonomous vehicle (""Cruise AV""), operating in manual mode, was stopped behind a taxi on Duboce Avenue just past Guerrero. The driver of the taxi exited his vehicle, approached the Cruise AV, and slapped the front passenger window, causing a scratch. There were no injuries and police were not called.",14,37.770111,-122.420008,020101,1005,1,,,,,,,0,
Drive.ai,1/29/18,12:00 PM,2016,Nissan,NV200 Taxi,E Reed St. and S 2nd St.,San Jose,Santa Clara,95113,Moving,None,1,Minor,Conventional,Unknown,Unknown,Unknown,Unknown,Unknown,Unknown,Other*,Mid-Sized Car,Intersection,Vehicle 1,0,None,"A Drive.ai test vehicle was being manually driven ( conventional mode) for data collection in downtown San Jose at around 3:30pm on Monday 1/29. The vehicle was traveling southwest on Reed St. near 2nd St at the time of the incident. The right lane was blocked off by some construction equipment. Due to driver error, the front right section of the NV200 impacted a stationary piece of construction equipment at 17 mph. The front right corner of the test vehicle sustained damage; the piece of construction equipment was not damaged. There were no injuries as a result of the incident. ","1, 18",37.327591,-121.882747,501602,1003,1,,,,,,,0,
Cruise,2/16/18,8:45 AM,2017,Chevrolet,Bolt,14th St between Guerrero and Valencia St,San Francisco,San Francisco,94103,Moving,Moving,2,Minor,Conventional,Unknown,Unknown,Unknown,Unknown,Unknown,Unknown,Side Swipe,Mid-Sized Car,Intersection,Vehicle 2,0,None,"A Cruise autonomous vehicle (""CrUise AV""), operating in conventional mode, was moving slowly in traffic eastbound on 14th Street just
past Guerrero Street when a vehicle merged in front of the Cruise AV and in doing so made contact with Cruise A V's front left sensor. The
plastic casing of the sensor was damaged. The other vehicle did not stop. The driver of the Cruise AV called the police to report the event,
but the police were not dispatched. ","1, 18",37.768139,-122.422199,020202,2000,2,,,,,,,0,