Company,Date,Time,Vehicle 1 Year,Vehicle Make,Vehicle Model,Address,City,County,Zip Code,Vehicle 1 Status,Vehicle 2 Status,Vehicles Involved,Describe Veh Damage,Mode,Weather,Lighting,Roadway Surface,Roadway Condition,Mov Proceed Col Veh 1,Mov Proceed Col Veh 2,Collision Type,Vehicle type,Location,Fault,Number of injuries,Injuries,Description,Damaged Area,Latitude,Longitude,Census Tract Code,Census Block Code,Census Block Group,Median Age,Population,White,Black,Asian,Hispanic,Other,Median Income
C,9/9/18,1:20 PM,2017,Chevrolet,Bolt,Divisadero Street and Fell Street,San Francisco,San Francisco,94117,Stopped in Traffic,Moving,2,Minor,Conventional,Clear,Daylight,Dry,Unknown,Stopped,Proceeding Straight,Rear End,Compact Car,Street,Vehicle 2,0,None,"A Cruise autonomous vehicle (""Cruise AV""), operating in manual mode, was stopped in traffic southbound on Divisidero Street just past Fell Street when another vehicle rear ended the Cruise AV causing minor damage to the rear of the Cruise AV. The driver of the other vehicle did not stop. There were no injuries and police were not called.","7, 8, 9",37.774062,-122.437611,016400,2005,2,,,,,,,0,
B,9/14/18,7:03 PM,2017,Chrysler,Pacifica,Villa St. & Shoreline Blvd.,Mountain View,Santa Clara,94041,Stopped in Traffic,Moving,2,Minor,Autonomous,Clear,Daylight,Dry,No Unusual Conditions,Stopped,Making Right Turn,Rear End,Truck/Bus,Intersection,Vehicle 2,0,None,"A Waymo autonomous vehicle (""Waymo A V"") was stopped in A utonomous mode in the sliplane of Villa St. and Shoreline Blvd. in
Mountain V iew when a passenger vehicle struck the rear of the Waymo AV at low speed. T he Waymo AV sustained minor damage to the
rear bumper, and the passenger vehicle had minor damage to the front bumper. No injuries were reported at the scene. ",8,37.395559,-122.08335,509600,2007,2,,,,,,,0,
B,9/18/18,12:21 PM,2017,Chrysler,Pacifica,100 Mayfield Ave,Mountain View,Santa Clara,94043,Moving,Moving,2,Minor,Autonomous,Clear,Daylight,Dry,No Unusual Conditions,Making Left Turn,Proceeding Straight,Rear End,Mid-Sized Car,Parking,Vehicle 2,0,None,"A Waymo autonomous vehicle("" Waymo AV"" ) in autonomous mode was rear ended after entering the parking lot at l 00 Mayfield Ave. The Waymo AV was yielding for an oncoming vehicle while preparing to make a left turn inside the parking lot. There was minor damage to both vehicles and no injuries reported at the scene by either party. ",7,37.40718,-122.104659,509302,1009,1,44,1329,779,0,308,82,160,234688
C,9/22/18,4:48 PM,2019,Chevrolet,Bolt,Bryant Street and Mariposa Street,San Francisco,San Francisco,94107,Stopped in Traffic,Moving,2,Minor,Conventional,Clear,Daylight,Unknown,No Unusual Conditions,Parked,Parking Maneuver,Side Swipe,Mid-Sized Car,Parking,Vehicle 2,0,None,"A Cruise autonomous vehicle (""Cruise AV""), operating in manual mode, was parked on southbound Bryant Street just past
Mariposa Street when another vehicle pulled in front of the Cruise AV too tightly, scratching the left front bumper of the Cruise
AV and denting the right rear side of the other vehicle. There were no injuries. The police were called, but no report was
available at the time of the filing of this report. ",1,37.763028,-122.410244,022801,1013,1,,,,,,,0,
A,9/24/18,9:18 AM,2016,Toyota,Highlander,The Embarcadero and Broadway ,San Francisco,San Francisco,94111,Stopped in Traffic,Moving,1,None,Conventional,Clear,Daylight,Unknown,No Unusual Conditions,Stopped,Proceeding Straight,Rear End,Two-Wheels,Intersection,Vehicle 2,0,None,"A Waymo autonomous vehicle("" Waymo AV"" ) in autonomous mode was rear ended after entering the parking lot at l 00 Mayfield Ave. The Waymo AV was yielding for an oncoming vehicle while preparing to make a left turn inside the parking lot. There was minor damage to both vehicles and no injuries reported at the scene by either party. ",0,37.799233,-122.39767,010500,2001,2,,,,,,,0,
B,9/24/18,4:58 PM,2017,Chrysler,Pacifica, Rengstorff Ave. and Garcia Ave,Mountain View,Santa Clara,94043,Stopped in Traffic,Moving,2,Minor,Autonomous,Clear,Daylight,Dry,No Unusual Conditions,Stopped,Slowing/Stopping,Rear End,Truck/Bus,Intersection,Vehicle 2,0,None,"A Waymo autonomous vehicle("" Waymo AV"" ) in autonomous mode was rear ended after entering the parking lot at l 00 Mayfield Ave. The Waymo AV was yielding for an oncoming vehicle while preparing to make a left turn inside the parking lot. There was minor damage to both vehicles and no injuries reported at the scene by either party. ",8,37.425339,-122.093139,504601,1065,1,,,,,,,0,
A,10/12/18,3:04 PM,2016,Toyota,Highlander,Mason St. & Post St.,San Francisco,San Francisco,94102,Stopped in Traffic,Moving,2,Minor,Conventional,Clear,Daylight,Dry,No Unusual Conditions,Stopped,Changing Lanes,Rear End,Mid-Sized Car,Intersection,Vehicle 2,0,None,"On October 12th, 2018, at approximately 3:04 PM, a Zoox vehicle, operating in Conventional Mode, was rear-ended by a Honda Accord .
The Zoox vehicle was traveling southbound on Mason St and then stopped for a red light at the intersection of Mason St. and Post St. The
right-side of the front bumper of the Honda made contact with left-side of the back bumper of the Zoox vehicle as the Honda attempted to
pass to the left of the Zoox vehicle into the parking lane.
The Honda was traveling at less than 2 mph when it made contact with the stationary Zoox vehicle at the Mason St. and Post St intersection.
There were no injuries. The police were not called."" ",7,37.788081,-122.410057,012302,3001,3,,,,,,,0,
C,10/14/18,12:28 PM,2019,Chevrolet,Bolt,Cherry St. between California St. and Sacramento St. ,San Francisco,San Francisco,94118,Moving,Stopped in Traffic,2,Moderate,Conventional,Clear,Daylight,Dry,No Unusual Conditions,Passing Other Vehicle,Entering Traffic,Head On,Compact Car,Street,Vehicle 1,0,None,"A Cruise autonomous vehicle (""Cruise AV""), operating in manual mode, was parked on southbound Bryant Street just past
Mariposa Street when another vehicle pulled in front of the Cruise AV too tightly, scratching the left front bumper of the Cruise
AV and denting the right rear side of the other vehicle. There were no injuries. The police were called, but no report was
available at the time of the filing of this report. ","1, 18",37.786927,-122.456875,013300,5005,5,,,,,,,0,
B,10/15/18,9:07 PM,2017,Chrysler,Pacifica,Shoreline Blvd. at El Camino Real,Mountain View,Santa Clara,94040,Stopped in Traffic,Moving,2,Minor,Autonomous,Clear,Dark - Street Lights,Dry,No Unusual Conditions,Stopped,Making Right Turn,Rear End,Mid-Sized Car,Intersection,Vehicle 2,0,None,"A Waymo A utonomous Vehicle (""Waymo AV"") traveling in Autonomous mode southbound on Shoreline Boulevard, in the right hand slip lane, turning right onto westbound El Camino Real in Mountain View when the Waymo AV came to a stop to yield to approaching traffic from the left, when it was struck from behind by a passenger vehicle. T he Waymo AV sustained minor damage and the passenger vehicle had minor damage. T here were no injuries reported at the scene. ","7, 8",37.412004,-122.07831,504601,1084,1,43.2,1269,341,14,309,554,46,72891
Apple,10/15/18,10:28 AM,2017,Lexus,RX 450h,North Wolfe Road at Stewart Drive,Sunnyvale,Santa Clara,94085,Moving,Moving,2,Minor,Conventional,Clear,Daylight,Dry,No Unusual Conditions,Making Left Turn,Making Left Turn,Side Swipe,Mid-Sized Car,Intersection,Vehicle 2,0,None,"On October 15th at 10:28 AM, an Apple test vehicle in manual mode was side swiped while preparing to turn left onto Stewart Drive from North Wolfe Road. The Apple test vehicle was traveling at approximately 5 mph when a Toyota Camry traveling at approximately 15 mph
crossed out of its lane and contacted the Apple test vehicle. Both vehicles sustained minor damage and no injuries were reported. The police were notified that the driver of the Toyota Camry left without exchanging information. ",15,37.38098,-122.01181,508708,1048,1,,,,,,,0,
B,10/19/18,7:16 AM,2017,Chrysler,Pacifica,El Camino Real at Calderon Ave,Mountain View,Santa Clara,94041,Moving,Moving,2,Minor,Conventional,Clear,Daylight,Dry,No Unusual Conditions,Changing Lanes,Proceeding Straight,Side Swipe,Two-Wheels,Street,Vehicle 2,1,The motorcyclist reported injuries and was transported to the hospital for treatment,"A Waymo Autonomous Vehicle (""Waymo AV"") traveling in Autonomous mode southbound on Shoreline Boulevard, in the right hand slip lane, turning right onto westbound El Camino Real in Mountain View when the Waymo AV came to a stop to yield to approaching traffic from the left, when it was struck from behind by a passenger vehicle. T he Waymo AV sustained minor damage and the passenger vehicle had minor damage. There were no injuries reported at the scene. ","9, 10",37.387323,-122.087574,509801,1012,1,34,1544,485,89,479,474,17,133563
B,10/24/18,2:31 PM,2017,Chrysler,Pacifica,Shoreline Blvd. at El Camino Real,Mountain View,Santa Clara,94040,Stopped in Traffic,Moving,2,Moderate,Autonomous,Clear,Daylight,Dry,No Unusual Conditions,Stopped,Making Right Turn,Rear End,Mid-Sized Car,Intersection,Vehicle 2,0,None,"A Waymo Autonomous Vehicle (""Waymo AV"") traveling in Autonomous mode southbound on Shoreline Boulevard, in the right hand slip lane, turning right onto westbound El Camino Real in Mountain View when the Waymo AV came to a stop to yield to approaching traffic from the left, when it was struck from behind by a passenger vehicle. The Waymo AV sustained minor damage and the passenger vehicle
had minor damage. There were no injuries reported at the scene. ","6, 7",37.412004,-122.07831,504601,1084,1,43.2,1269,341,14,309,554,46,72891
C,10/26/18,1:28 PM,2019,Chevrolet,Bolt,SB on Gough St. between Fulton and Grove Streets,San Francisco,San Francisco,94117,Moving,Moving,2,Minor,Conventional,Clear,Daylight,Dry,No Unusual Conditions,Proceeding Straight,Proceeding Straight,Side Swipe,Two-Wheels,Street,Vehicle 2,0,None,"A Cruise autonomous vehicle (""Cruise AV""), operating in manual mode, was traveling southbound on Gough Street between Fulton and Grove Streets when a lane-splitting motorcycle passed the Cruise AV and knocked off the Cruise A V's front left radar cover. The driver of the motorcycle did not stop after the collision. There were no injuries and police were not called",1,37.769079,-122.443882,017101,3001,3,,,,,,,0,
C,10/27/18,1:52 PM,2019,Chevrolet,Bolt,4th Avenue and Cornwall Street,San Francisco,San Francisco,94118,Moving,Moving,2,Moderate,Conventional,Clear,Daylight,Dry,No Unusual Conditions,Proceeding Straight,Proceeding Straight,Broadside,Compact Car,Intersection,Vehicle 2,0,None,"A Cruise autonomous vehicle (""Cruise AV"") was involved in a collision in manual mode while traveling northbound on 4th Avenue at the
intersection with Cornwall Street. While proceeding through the intersection with the right of way, the driver of the Cruise AV made contact
with a vehicle that did not obey a stop sign, damaging the right rear passenger door and wheel well ofthe other vehicle and the center of the
Cruise A V's front bumper and front camera. There were no injuries. Police arrived at the scene but did not prepare a report. ","16, 17, 18",37.784907,-122.462415,040100,2003,2,,,,,,,0,
Aurora,11/2/18,3:00 PM,2017,Lincoln,MKZ,101 freeway between the University and East Palo Alto,Palo Alto,Santa Clara,94303,Moving,Moving,2,Minor,Conventional,Clear,Daylight,Unknown,No Unusual Conditions,Proceeding Straight,Proceeding Straight,Rear End,Mid-Sized Car,Street,Vehicle 2,0,None,"On November 2, 2018 at approximately 3:00 PM PST, an Aurora test vehicle, operating in Conventional Mode, was rear-ended
by a BMW 528i. The Aurora test vehicle was traveling Northbound on the 101 freeway between the University and East Palo Alto exits. The Aurora test vehicle was decelerating and nearly at a complete stop as it approached lead vehicles that were stopped due to heavy traffic conditions when the BMW following directly behind made contact with the test vehicle's rear bumper. There were no injuries, the parties exchanged information, and the police were not called. ",8,37.468827,-122.141075,612002,1005,1,,,,,,,0,
C,11/6/18,9:16 PM,2019,Chevrolet,Bolt,Steiner St. and Haight St.,San Francisco,San Francisco,94117,Moving,Moving,1,Minor,Autonomous,Clear,Dark - Street Lights,Dry,No Unusual Conditions,Proceeding Straight,Proceeding Straight,Broadside,Two-Wheels,Intersection,Vehicle 2,1,cyclist mentioned right shoulder pain,"A Cruise autonomous vehicle ("" Cruise AV"" ), operating in autonomous mode, was proceeding northbound on Steiner Street
at the intersection with Haight Street on a green light when a cyclist, traveling westbound through a red light, made contact with
the right rear corner of the Cruise AV. The cyclist mentioned right shoulder pain, but denied needing an ambulance and left the
scene on his own. The police were not called. ",9,37.771896,-122.432092,016700,1004,1,,,,,,,0,
B,11/7/18,11:30 AM,2017,Chrysler,Pacifica,Alma Street at Oregon Expressway,Palo Alto ,Santa Clara,94301,Stopped in Traffic,Moving,2,Minor,Autonomous,Clear,Daylight,Dry,No Unusual Conditions,Stopped,Proceeding Straight,Rear End,Compact Car,Ramp,Vehicle 2,0,None,"A Waymo autonomous vehicle (""Waymo AV"") in autonomous mode from southbound Alma Street onto southbound Oregon Expressway in
Palo Alto was stopped and yielding to traffic while waiting to make a right turn at a stop sign when it was rear-ended by a passenger vehicle
traveling at less than 1 MPH. The Waymo AV sustained minor damage to the bumper, and the passenger vehicle had minor damage to its
front bumper. No injuries were reported at the scene",8,37.427925,-122.139187,510900,1023,1,,,,,,,0,
B,11/14/18,9:20 AM,2017,Chrysler,Pacifica,Rengstorff A venue at Charleston Road,Mountain View,Santa Clara,94043,Moving,None,1,Minor,Conventional,Cloudy,Daylight,Dry,No Unusual Conditions,Proceeding Straight,Unknown,Hit Object,Mid-Sized Car,Intersection,Vehicle 1,0,None,"A Waymo autonomous vehicle (""Waymo AV"") in autonomous mode from southbound Alma Street onto southbound Oregon Expressway in Palo Alto was stopped and yielding to traffic while waiting to make a right turn at a stop sign when it was rear-ended by a passenger vehicle traveling at less than 1 MPH. The Waymo AV sustained minor damage to the bumper, and the passenger vehicle had minor damage to its front bumper. No injuries were reported at the scene",2,37.421865,-122.070895,504601,1007,1,,,,,,,0,
B,11/14/18,4:30 PM,2017,Chrysler,Pacifica,Alma Street at Oregon Expressway,Palo Alto ,Santa Clara,94301,Stopped in Traffic,Moving,2,Minor,Autonomous,Cloudy,Dusk-Dawn,Dry,No Unusual Conditions,Stopped,Proceeding Straight,Rear End,Compact Car,Ramp,Vehicle 2,0,None,"A Waymo Autonomous Vehicle (""Waymo AV"") was stopped in autonomous mode on the off-ramp from westbound Alma Street to
southbound Oregon Expressway in Palo Alto when it was rear-ended. The Waymo AV was yielding to cross-traffic when a passenger
vehicle made contact with the Waymo A V 's rear bumpe at approximately 9 MPH. The Waymo AV sustained minor damage to the rear
bumper, and the passenger vehicle had minor damage to the front bumper. No inj uries were reported at the scene.",7,37.427925,-122.139187,510900,1023,1,,,,,,,0,
C,11/15/18,10:29 PM,2019,Chevrolet,Bolt,14th St. and Van Ness Ave.,San Francisco,San Francisco,94103,Moving,Moving,2,Moderate,Conventional,Clear,Dark - Street Lights,Dry,No Unusual Conditions,Proceeding Straight,Proceeding Straight,Rear End,Two-Wheels,Intersection,Vehicle 2,0,None,"A Cruise autonomous vehicle("" Cruise AV"" ), operating in autonomous mode, was traveling eastbound on 14th Street between Natoma and South Van Ness Streets when the Cruise AV began to yield to a car on its left. The driver of the Cruise AV disengaged from autonomous mode, and shortly thereafter a motorcyclist made contact with the left rear bumper of the Cruise AV, causing damage to the Cruise AV' s rear bumper. There were no injuries and police were not called. ",9,37.768405,-122.417802,017700,2009,2,,,,,,,0,
C,11/15/18,11:16 AM,2019,Chevrolet,Bolt,Fulton St. and Baker St.,San Francisco,San Francisco,94117,Stopped in Traffic,Moving,2,Moderate,Autonomous,Clear,Daylight,Dry,No Unusual Conditions,Stopped,Passing Other Vehicle,Rear End,Mid-Sized Car,Intersection,Vehicle 2,0,None,"A Cruise aut.onomous vehicle("" Cruise AV"" ), operating in autonomous mode, was waiting for oncoming traffic to clear the
intersection before making a left turn onto Fulton Street from southbound Baker Street when another vehicle made contact with the right rear corner of the Cruise AV while attempting to pass it, causing damage to the Cruise AV' s rear bumper. There
were no injuries and police were not called. ","9, 10",37.776434,-122.441488,016500,1000,1,,,,,,,0,
B,11/18/18,12:57 PM,2017,Chrysler,Pacifica,W. Evelyn A venue at Castro Street,Mountain View,Santa Clara,94041,Moving,Moving,2,Minor,Conventional,Clear,Daylight,Dry,No Unusual Conditions,Making Right Turn,Making Right Turn,Rear End,Compact Car,Intersection,Vehicle 2,0,None,"A Waymo Autonomous Vehicle (""Waymo A V"") in manual mode traveling westbound on W. Evelyn Avenue was yielding to traffic while
waiting to make a right tum onto northbound Castro Street in Mountain View when it was rear-ended by a passenger vehicle traveling at
approximatel y 5 MPH. The Waymo AV sustained minor damage to the bumper, and the passenger vehicle had minor damage to its hood.
No injuries were reported at the scene.","7, 8",37.394757,-122.078385,509600,2018,2,,,,,,,0,
A,11/20/18,10:04 PM,2016,Toyota,Highlander,Stockton St. & Lombard St.,San Francisco,San Francisco,94133,Stopped in Traffic,Moving,2,None,Autonomous,Clear,Dark - Street Lights,Unknown,No Unusual Conditions,Stopped,Slowing/Stopping,Rear End,Mid-Sized Car,Intersection,Vehicle 2,0,None,"On November 20,2018, at approximately 10:04PM,a Zoox vehicle in autonomous mode made a gradual stop at the stop sign at the intersection of Stockton St and Lombard St. While waiting and stopped at the stop sign, the Zoox vehicle was rear-ended by an Infiniti M35. The lnfiniti made contact with the rear bumper of the Zoox vehicle . The Infiniti was traveling at approximately 5-10mph when it hit the Zoox vehicle. There were no inj uries and no visible damage to either vehicle.",0,37.803236,-122.409749,010401,2002,2,,,,,,,0,
C,11/24/18,9:48 AM,2019,Chevrolet,Bolt,Pine St. and Battery St.,San Francisco,San Francisco,94104,Moving,Moving,2,Moderate,Conventional,Clear,Daylight,Dry,No Unusual Conditions,Proceeding Straight,Proceeding Straight,Broadside,Compact Car,Intersection,Vehicle 2,2,The driver and one of the passengers of the Cruise AV suffered minor injuries,"A Cruise autonomous vehicle ("" Cruise AV"" ), operating in conventional mode, was traveling westbound on Pine Street and
entered the intersection at Battery Street when another vehicle, traveling southbound through a red light, made contact with the
right front corner of the Cruise AV, causing damage to the Cruise AV' s front bumper. The driver and one of the passengers of
the Cruise AV suffered minor injuries. The driver of the other vehicle was not injured and police were not called. ","16, 17, 18",37.792258,-122.399763,011700,2019,2,,,,,,,0,
B,11/28/18,3:25 PM,2017,Chrysler,Pacifica,San Antonio Road at Central Expressway,Palo Alto ,Santa Clara,94306,Stopped in Traffic,Moving,2,Minor,Autonomous,Cloudy,Daylight,Dry,No Unusual Conditions,Stopped,Proceeding Straight,Rear End,Compact Car,Ramp,Vehicle 2,0,None,"A Waymo Autonomous Vehicle (""Waymo AV"") was in autonomous mode at the merge onto northwest-bound Central Expressway exiting
the ramp from northeast-bound San Antonio Road in Palo Alto when it was rear-ended. The Waymo AV stopped to yield to traffic on
Central Expressway, after which the passenger vehicle immediately behind the Waymo AV struck the Waymo A V's rear bumper at
approximately 2 MPH. The Waymo AV sustained minor damage to its rear bumper, and the other vehicle had no apparent damage. No
injuries were reported at the scene.",8,37.407094,-122.109662,509404,1003,1,,,,,,,0,
B,11/29/18,6:33 AM,2017,Chrysler,Pacifica,Middlefield Road at Oregon Expressway,Palo Alto ,Santa Clara,94301,Stopped in Traffic,Moving,2,Minor,Autonomous,Clear,Dusk-Dawn,Wet,No Unusual Conditions,Stopped,Making Right Turn,Side Swipe,Truck/Bus,Intersection,Vehicle 2,0,None,"This OL3l6 report was submitted to the DMV on December 19, 2018 as an amendment to the original report which was submitted to the
DMV on December 13, 2018. This new report corrects clerical errors and includes new information of the other party.
A Waymo Autonomous Vehicle (""Waymo AV''.) was stopped in autonomous mode on Middlefield Road at Oregon Expressway in Palo Alto when a county bus came in contact with the passenger side mirror, pushing it towards the AV. The Waymo AV was stopped at a red
light, and the bus was making a right-on-red in the adjacent right turn lane. The Waymo AV sustained minor damage to the mirror, and the
bus d id not stop to exchange information. There were no injuries reported at the scene",14,37.435749,-122.13304,510900,1000,1,,,,,,,0,
C,12/1/18,9:58 AM,2019,Chevrolet,Bolt,Cyril Magnin St. and Ellis St.,San Francisco,San Francisco,94102,Moving,Moving,2,Minor,Autonomous,Raining,Daylight,Wet,No Unusual Conditions,Proceeding Straight,Making Left Turn,Rear End,Mid-Sized Car,Intersection,Vehicle 2,0,None,"A Cruise autonomous vehicle (""Cruise AV""), operating in autonomous mode, was proceeding straight after completing a left turn from northbound Cyril Magnin Street onto westbound Ellis Street when another vehicle, attempting to pass the Cruise AV on the left , made contact with the left rear bumper of the Cruise AV, damaging the left rear wheel well of the Cruise AV. There were no injuries and police
were not called. ","6, 7",37.785683,-122.408781,012301,3003,3,,,,,,,0,
B,12/3/18,10:34 AM,2017,Chrysler,Pacifica,View Street at California Street,Mountain View,Santa Clara,94041,Stopped in Traffic,Moving,1,None,Autonomous,Clear,Daylight,Dry,No Unusual Conditions,Stopped,Slowing/Stopping,Broadside,Two-Wheels,Intersection,Vehicle 2,0,None,"A Waymo Autonomous Vehicle (""Waymo AV"") was traveling in autonomous mode on northbound View Street at California Street in
Mountain View, approaching a four-way intersection with a traffic calming island. After coming to a complete stop at a two-way stop sign,
the Waymo AV determined it was safe to proceed through the intersection and began to do so, when it detected a bicyclist approaching
from the right. The Waymo AV then stopped for the bicyclist, whose front tire made contact with the passenger side of the stationary
Waymo AV at approximately 3 MPH. The bicyclist remained upright and rode away without exchanging information. No injuries or
damage were reported or observed. ",0,37.390369,-122.07827,509600,3023,3,,,,,,,0,
B,12/11/18,9:18 AM,2017,Chrysler,Pacifica,Alma Street at El Verano Avenue,Palo Alto ,Santa Clara,94306,Moving,None,1,Minor,Conventional,Fog/Visibility,Daylight,Unknown,Reduced Roadway Width ,Proceeding Straight,Unknown,Hit Object,Mid-Sized Car,Intersection,Vehicle 2,0,None,"A Waymo Autonomous Vehicle (""Waymo AV"") was traveling in manual mode on Alma Street at El Verano Avenue in Palo Alto when it
struck a curb. The Waymo AV was traveling at approximately 32 MPH in the number 2 lane heading northbound on Alma Street where the
number 3 lane ends after the intersection of El Verano Avenue. While nudging to avoid a car in the number 1 lane that drifted into the
number 2 lane, the Waymo AV struck the curb at the lane shift and the front passenger tire deflated. No injuries were reported at the scene. ",14,37.419927,-122.126634,510900,2006,2,,,,,,,0,
C,1/7/19,6:54 PM,2019,Chevrolet,Bolt,Folsom St. and 11th St.,San Francisco,San Francisco,94103,Moving,Moving,2,Moderate,Conventional,Clear,Dark - Street Lights,Dry,No Unusual Conditions,Making Left Turn,Changing Lanes,Side Swipe,Two-Wheels,Intersection,Vehicle 2,1,The scooterist reported injuries and emergency services,"A Cruise autonomous vehicle (""Cruise AV'), operating in conventional mode, was making left turn from northeast bound Folsom Street onto northwest bound 11th Street when scooterist, attempting to pass the Cruise AV on the left, made contact with the front left side of the Cruise AV, damaging the front left fender, radar, and wheel well of the Cruise AV. The scooterist reported injuries and emergency services and the police arrived at the scene, but the scooterist declined medical treatment. No police report was available at the time of the of this report filing. ","1, 2, 3",37.771864,-122.414027,017700,2011,2,,,,,,,0,
C,1/10/19,11:29 AM,2019,Chevrolet,Bolt,S. Van Ness Ave between 12th St. and 13th St.,San Francisco,San Francisco,94103,Moving,Moving,2,Minor,Autonomous,Clear,Daylight,Unknown,No Unusual Conditions,Proceeding Straight,Making Right Turn,Rear End,Compact Car,Street,Vehicle 2,0,None,"A Cruise autonomous vehicle (""Cruise A operating in autonomous mode, was traveling northbound on South Van Ness Street near the Howard Street fork when another vehicle, turning right onto South Van Ness from Howard, made contact with the right rear corner of the Cruise AV, causing damage to the Cruise AV's rear bumper: There were no injuries and police were not called. V)","9, 10, 11",37.769957,-122.417661,017700,2009,2,,,,,,,0,
Aurora,1/10/19,2:25 PM,2017,Lincoln,MKZ,Townsend and 3rd,San Francisco,San Francisco,94107,Stopped in Traffic,Moving,2,Moderate,Conventional,Clear,Daylight,Dry,No Unusual Conditions,Stopped,Proceeding Straight,Rear End,Compact Car,Intersection,Vehicle 2,0,None,"On 01/10/19 at 2.52pm, an Aurora vehicle, while stopped at a red traffic light in manual mode on Townsend and 3rd, was struck in the rear bumber by a Honda CR-V approaching from behind. There was moderate damage to the Aurora vehicle's right sensor; mount, and side quarter panel. There was minimal damage to the Honda's front right bumper. Both vehicles were operational and pulled over on side street to exchange vehicle and insurance information. No injuries were reported and no police were requested nor present at the scene.","8, 9, 10",37.778852,-122.39275,060701,1007,1,,,,,,,0,
B,1/26/19,3:24 PM,2017,Chrysler,Pacifica,Shoreline Blvd. at El Camino Real,Mountain View,Santa Clara,94041,Stopped in Traffic,Moving,2,Minor,Conventional,Clear,Daylight,Dry,No Unusual Conditions,Stopped,Making Right Turn,Rear End,Mid-Sized Car,Intersection,Vehicle 2,0,None,"Per the DMV's request of 02/21/2019, Waymo is resubmitting this OL316 so the DMV's digital version is compliant with accessibility requirements under AB 434_ Waymo's original report was submitted on 01/31/2019. Waymo Autonomous Vehicle (""Waymo AV"") in manual mode was yielding to check for crOSS traffic while in the slip lane to turn from southbound Shoreline Boulevard to westbound El Camino Real in Mountain View when it was rear-ended by a passenger vehicle. The Waymo AV sustained minor damage to the rear left of the vehicle, and the passenger vehicle had minor damage to the right of the vehicle. No injuries were reported_ front",7,37.392973,-122.084793,509600,2026,2,38.8,1215,286,0,180,749,0,108462
B,2/6/19,9:08 AM,2017,Chrysler,Pacifica,Central Expressway and Shoreline Boulevard,Mountain View,Santa Clara,94043,Stopped in Traffic,Moving,2,Minor,Autonomous,Cloudy,Daylight,Dry,No Unusual Conditions,Stopped,Proceeding Straight,Rear End,Compact Car,Highway/Freeway,Vehicle 2,2,No injuries were reported at the scene but the two operators in the Waymo AV later reported minor headache and neck soreness. They sought medical attention and both were cleared to return to work,"Per the DMV's request of 02/21/2019, Waymo is resubmitting this OL316 so the DMV's digital version is compliant with accessibility requirements under AB 434. Waymo's original report was submitted on 02/14/2019. Waymo Autonomous Vehicle Waymo AV"") was stopped in autonomous mode in the slip-lane from northbound Shoreline Boulevard to northbound Central Expressway in Mountain View when it was rear-ended  The Waymo AV was yielding to approaching traffic from the left when a passenger vehicle rear-ended the Waymo AV while travelling approximately MPH: The Waymo AV sustained minor damage to the rear bumper, and the passenger vehicle had minor damage to its front bumper. No injuries were reported at the scene but the two operators in the Waymo AV later reported minor headache and neck soreness They sought medical attention and both were cleared to return to work","7, 8",37.397349,-122.08188,509201,1008,1,,,,,,,0,
B,2/10/19,4:14 PM,2017,Chrysler,Pacifica,SB Highway 85 at El Camino Real,Mountain View,Santa Clara,94040,Moving,Moving,2,Minor,Conventional,Clear,Daylight,Dry,No Unusual Conditions,Changing Lanes,Proceeding Straight,Side Swipe,Mid-Sized Car,Street,Vehicle 1,0,None,"Per the DMV's request of 02/21/2019, Waymo is resubmitting this OL316 so the DMV's digital version is compliant with accessibility requirements under AB 434_ Waymo's original report was submitted on 02/19/2019. Waymo Autonomous Vehicle (""Waymo AV"" was traveling in autonomous mode in the far right lane o southbound Highway 85 passing El Camino Real in Mountain View A passenger vehicle entered the highway El Camino Real and made an unsafe maneuver crossing over a solid white line and cutting-in to the Waymo AV's lane Out of an abundance of caution; the Waymo AV's test driver hcronsica: the autonomous mode on the Waymo AV and made an evasive maneuver into the left adjacent lane at approximately 45 MPH: As the test driver made the maneuver; the Waymo AV came into contact with a second passenger vehicle that had been approaching from behind in the left adjacent lane_ The Waymo AV sustained minor damage and tire marks to the driver side of the vehicle; and the second passenger vehicle sustained no damage. The driver of the second passenger vehicle stopped to exchange information with the Waymo test driver; but after volunteering that there was no damage to their vehicle, left the scene The first passenger vehicle did not stop. There were no injuries reported. from","2, 3, 4, 5, 6",37.380566,-122.085286,509802,1002,1,,,,,,,0,
C,2/14/19,5:30 AM,2019,Chevrolet,Bolt,Gough St. and Fell St:,San Francisco,San Francisco,94102,Moving,Moving,2,Minor,Conventional,Raining,Dark - Street Lights,Wet,No Unusual Conditions,Proceeding Straight,Proceeding Straight,Rear End,Compact Car,Intersection,Vehicle 2,0,None,"Cruise autonomous vehicle (""Cruise AV""), operating in autonomous mode, was traveling southbound on Gough Street at the intersection with Fell Street when the Cruise AV began to yield to a car on its right: The driver of the Cruise AV disengaged from autonomous mode, and shortly thereafter; another vehicle made contact with the center rear bumper of the Cruise AV, damaging the rear radar mounting bracket of the Cruise AV_ There were no injuries and police were not called.",8,37.77595,-122.422788,016200,2010,2,,,,,,,0,