Company,Date,Time,Vehicle 1 Year,Vehicle Make,Vehicle Model,Address,City,County,Zip Code,Vehicle 1 Status,Vehicle 2 Status,Vehicles Involved,Describe Veh Damage,Mode,Weather,Lighting,Roadway Surface,Roadway Condition,Mov Proceed Col Veh 1,Mov Proceed Col Veh 2,Collision Type,Vehicle type,Location,Fault,Number of injuries,Injuries,Description,Damaged Area,Latitude,Longitude,Census Tract Code,Census Block Code,Census Block Group,Median Age,Population,White,Black,Asian,Hispanic,Other,Median Income
B,10/18/19,10:30 AM,2017,Chrysler,Pacifica,Alma Street at Oregon Expressway,Palo Alto,Santa Clara,94301,Stopped in Traffic,Moving,2,Minor,Autonomous,Clear,Daylight,Dry,No Unusual Conditions,Stopped,Proceeding Straight,Rear End,Compact Car,Slip Lane,Vehicle 2,0,None,"Waymo Autonomous Vehicle (""Waymo AV"") was stopped in autonomous mode on the interchange from eastbound Alma Street merging  onto southbound Oregon Expressway in Palo Alto when it was rear-ended. The Waymo AV was yielding to cross-traffic when a passenger vehicle made contact with the Waymo AV'$ rear bumper at approximately 8 MPH. The Waymo AV sustained minor damage to the rear bumper, and the passenger vehicle sustained minor damage to its front bumper: There were no injuries reported at the scene; the Waymo test driver later reported dizziness but declined medical attention.","7, 8",37.427925,-122.139187,510900,1023,1,,,,,,,0,
C,10/26/19,11:05 AM,2020,Chevrolet,Bolt,The Embarcadero and Battery St.,San Francisco,San Francisco,94111,Moving,Moving,2,Minor,Conventional,Clear,Daylight,Dry,No Unusual Conditions,Proceeding Straight,Proceeding Straight,Rear End,Mid-Sized Car,Street,Vehicle 2,1,Later mentioned injuries,"A Cruise autonomous vehicle ~Cruise AV""), operating in autonomous mode; was traveling southeast bound on The Embarcadero near the intersection with Battery Street when the Cruise AV yielded to another vehicle in the left adjacent lane that encroached into the Cruise AV'$ lane The driver of the Cruise AV disengaged from autonomous mode and, shortly thereafter, a second vehicle behind the Cruise AV made contact with the rear bumper of the Cruise AV, damaging the Cruise AV's right rear bumper, fascia, signal and radar assembly. There were no injuries reported at the scene by either party and police were not called. Both of the Cruise AV test operators later mentioned neck and back injuries: lamp;","8, 9",37.803239,-122.401981,010500,1009,1,,,,,,,0,
C,10/27/19,1:50 PM,2020,Chevrolet,Bolt,15 Marina Blvd,San Francisco,San Francisco,94123,Moving,Moving,2,Minor,Conventional,Clear,Daylight,Dry,No Unusual Conditions,Parking Maneuver,Parking Maneuver,Rear End,Compact Car,Parking,Vehicle 2,0,None,"A Cruise autonomous vehicle (""Cruise AV"") being driven in conventional mode was involved in a collision while traveling in a private parking lot on the block located between Marina Boulevard and North Point Street on the north and south boundaries and Buchanan and Laguna Streets on the west and east boundaries, respectively. While the driver of the Cruise AV reversed out of its diagonal parking spot, another vehicle simultaneously reversing out of its diagonal parking spot on the other side made contact with the right rear corner of the Cruise AV, damaging the Cruise AV's right rear tail lamp assembly. There were no injuries and police were not called.",9,37.804578,-122.433011,012602,2004,2,33.5,1573,1241,0,222,103,7,157695
B,10/28/19,7:43 AM,2017,Chrysler,Pacifica,Whisman Station Drive and Central Expressway,Mountain View,Santa Clara,94043,Stopped in Traffic,Moving,2,Minor,Autonomous,Clear,Dusk-Dawn,Dry,No Unusual Conditions,Stopped,Proceeding Straight,Rear End,Compact Car,Slip Lane,Vehicle 2,1,"Both reported neck pain, but declined medical treatment at the scene.","Waymo Autonomous Vehicle (""Waymo AV ) was stopped in autonomous mode in the slip lane from southbound Whisman Station Drive to northbound Central Expressway in Mountain View when it was rear-ended. The Waymo AV was yielding to approaching traffic when a passenger vehicle made contact with the Waymo AV's rear bumper at approximately 11 MPH: The Waymo AV sustained minor damage to its rear bumper, and the passenger vehicle sustained minor damage to its front bumper: The Waymo AV test driver and Waymo passenger in the vehicle both reported neck pain; but declined medical treatment at the scene. No other injuries were reported:","7, 8, 9",37.389459,-122.06288,509109,1024,1,,,,,,,0,
B,10/28/19,10:47 AM,2017,Chrysler,Pacifica,Castro Street at Central Expressway,Mountain View,Santa Clara,94041,Stopped in Traffic,Moving,2,Minor,Autonomous,Clear,Daylight,Dry,No Unusual Conditions,Stopped,Proceeding Straight,Rear End,Mid-Sized Car,Intersection,Vehicle 2,0,None,"Waymo Autonomous Vehicle (""Waymo AV"") was in autonomous mode and beginning to proceed at a green traffic light to turn left from northbound Castro Street to northbound Central Expressway in Mountain View when it was rear-ended at approximately 6 MPH by a passenger vehicle. The Waymo AV sustained minor damage to the rear bumper, and the passenger vehicle left the scene without exchanging information There were no injuries reported at the scene.","7, 8",37.39508,-122.07818,509600,2000,2,,,,,,,0,
C,10/28/19,2:42 PM,2020,Chevrolet,Bolt,Howard St. and 9th St.,San Francisco,San Francisco,94103,Moving,Moving,1,None,Conventional,Clear,Daylight,Dry,No Unusual Conditions,Proceeding Straight,Other,Side Swipe,Two-Wheels,Street,Vehicle 2,1,Later mentioned injuries,"A Cruise autonomous vehicle (""Cruise AV""), operating in autonomous mode, was traveling southeast bound on Howard Street near the intersection with 9th Street when a bicyclist in the right adjacent dedicated bike lane veered away wayward pedestrian throwing an unknown object in the bicyclist's direction in the crosswalk The driver of the Cruise AV disengaged from autonomous mode and, shortly thereafter, the bicyclist veered into the Cruise AV's lane and made contact with the right passenger door of the Cruise AV. No injuries were reported at the scene by either party. Police were called but not dispatched to the scene_ The bicyclist later reported injuries. from front",0,37.774992,-122.413161,017803,3002,3,,,,,,,0,
C,10/29/19,7:52 PM,2020,Chevrolet,Bolt,Beach St. and The Embarcadero,San Francisco,San Francisco,94133,Moving,Moving,2,None,Autonomous,Clear,Dark - Street Lights,Dry,No Unusual Conditions,Stopped,Proceeding Straight,Rear End,Compact Car,Intersection,Vehicle 2,1,Later mentioned injuries,"A Cruise autonomous vehicle (""Cruise AV') operating in autonomous mode, was traveling eastbound in channelized lane on Beach Street near the intersection with The Embarcadero when it stopped at the traffic light and another vehicle behind the Cruise AV made contact with its rear bumper. There were no injuries reported at the scene by either party and police were not called. The Cruise AV test operators sitting in the driver' s seat and in the backseat later mentioned back pain.",0,37.807438,-122.412956,010101,1013,1,37.3,781,280,78,307,20,24,88790
B,11/4/19,6:22 PM,2017,Chrysler,Pacifica,Alma Street at Oregon Expressway,Palo Alto,Santa Clara,94301,Stopped in Traffic,Moving,2,Minor,Conventional,Clear,Dark - Street Lights,Dry,No Unusual Conditions,Stopped,Proceeding Straight,Rear End,Compact Car,Slip Lane,Vehicle 2,0,None,"Waymo Autonomous Vehicle (""Waymo AV"" was stopped in manual mode on the interchange from eastbound Alma Street about to merge onto southbound Oregon Expressway in Palo Alto when it was rear-ended. The Waymo AV was yielding to cross-traffic when a passenger vehicle made contact with the Waymo AV'$ rear bumper at approximately MPH: The Waymo AV sustained minor damage to the rear bumper, and the passenger vehicle sustained no damage. There were no injuries reported at the scene.",8,37.427925,-122.139187,510900,1023,1,,,,,,,0,
C,11/7/19,8:35 PM,2020,Chevrolet,Bolt,King St between 2nd St. and 3rd St.,San Francisco,San Francisco,94107,Moving,Moving,2,Minor,Autonomous,Clear,Dark - Street Lights,Dry,No Unusual Conditions,Proceeding Straight,Changing Lanes,Rear End,Mid-Sized Car,Street,Vehicle 2,0,None,"A Cruise autonomous vehicle ~Cruise AV )  operating in autonomous mode, was traveling southwest bound on King Street between Znd and 3rd Streets when the Cruise AV slowed down: Shortly thereafter, another vehicle, changing into the Cruise AV's lane the right adjacent lane, made contact with the right rear corner of the Cruise AV, damaging the Cruise AV's right rear fascia and a radar mounting bracket: The driver of the other vehicle left the scene without exchanging information: There were no injuries and police were not called. from","9, 10",37.778126,-122.391841,060703,1000,1,,,,,,,0,
C,11/7/19,9:10 PM,2020,Chevrolet,Bolt,24th St. and Mission St.,San Francisco,San Francisco,94110,Moving,Moving,2,Minor,Conventional,Clear,Dark - Street Lights,Dry,No Unusual Conditions,Slowing/Stopping,Proceeding Straight,Broadside,Two-Wheels,Intersection,Vehicle 2,0,None,"A Cruise autonomous vehicle (""Cruise AV""), operating in autonomous mode, was traveling eastbound on 24th Street at the intersection with Mission Street when the Cruise AV yielded to an electric scooterist traveling northbound 0n Mission Street and violating a red light: The driver of the Cruise AV disengaged from autonomous mode and, shortly thereafter; the electric scooterist made contact with the right rear corner of the Cruise AV, damaging the Cruise AV's right rear fascia and brake light: The electric scooterist left the scene without exchanging information: There were no injuries and police were not called.","9, 10",37.752238,-122.418444,020900,1007,1,,,,,,,0,
C,11/9/19,9:59 AM,2020,Chevrolet,Bolt,Howard Street and 11th Street,San Francisco,San Francisco,94103,Stopped in Traffic,Moving,3,Minor,Conventional,Clear,Daylight,Dry,No Unusual Conditions,Slowing/Stopping,Passing Other Vehicle,Side Swipe,Two-Wheels,Street,Vehicle 2,0,None,"A Cruise autonomous vehicle (""Cruise AV""), operating in autonomous mode, was traveling southeast bound on IIth Street between Howard and Folsom Streets when the Cruise AV slowed down for a passing motorcyclist behind it  The driver of the Cruise AV disengaged from autonomous mode and, shortly thereafter; the motorcyclist made contact with the left rear corner of the Cruise AV. The collision resulted in damage to both the Cruise AV and the motorcycle There were no injuries and police were not called.",7,37.773101,-122.415561,017700,2005,2,,,,,,,0,
C,11/10/19,12:55 AM,2020,Chevrolet,Bolt,1499 Vallegjo St,San Francisco,San Francisco,94109,Stopped in Traffic,Moving,2,Moderate,Unknown,Clear,Dark - Street Lights,Dry,No Unusual Conditions,Parked,Proceeding Straight,Side Swipe,Mid-Sized Car,Parking,Vehicle 2,0,None,"A Cruise autonomous vehicle (""Cruise AV') was involved in collision while parked in conventional mode on the westbound side of Vallejo Street near the intersection with Polk Street While the Cruise AV was parked parallel to the curb on the street, another vehicle traveling westbound on Vallejo in the left adjacent traffic lane sideswiped and made contact with the left side of the Cruise AV and the parked vehicle in front of the Cruise AV, damaging the Cruise AV's driver's side mirror; camera, articulating radar assembly, and doors The driver of the other vehicle left the scene without exchanging information. There were no injuries and police were not called","2, 3, 4",37.796752,-122.421592,010902,1003,1,40.1,1093,646,23,273,48,103,107692
C,11/18/19,9:45 AM,2020,Chevrolet,Bolt,13th St. and Bryant St.,San Francisco,San Francisco,94103,Moving,Moving,2,Minor,Conventional,Clear,Daylight,Dry,No Unusual Conditions,Slowing/Stopping,Slowing/Stopping ,Rear End,Mid-Sized Car,Street,Vehicle 1,0,None,"A Cruise autonomous vehicle (""Cruise AV') being driven in conventional mode was involved in a collision while traveling eastbound on 13th Street near the intersection with Bryant Street  While pulling up behind another vehicle in the left turn lane, the driver of the Cruise AV accelerated and made contact with the other vehicle' $ right rear bumper, damaging the Cruise AV's front right headlight, front center radar, and radar assembly There were no injuries and police were not called.","1, 18",37.769577,-122.413347,017700,1007,1,,,,,,,0,
Lyft,11/19/19,2:04 PM,2018,Ford,Fusion,El Camino Real and Medical Foundation Drive,Palo Alto,Santa Clara,94301,Moving,Moving,2,Minor,Conventional,Clear,Daylight,Dry,No Unusual Conditions,Proceeding Straight,Other Unsafe Turning,Side Swipe,Mid-Sized Car,Street,Vehicle 2,0,None,"On November 19, 2019 at approximately 24pm in clear weather a Lyit Autonomous Vehicle ( Lyit AV"" was travelling at 29.omph in autonomous mode northbound in the right lane on El Camino Real Blvd in Palo Alto, CA when the Safety Driver commanded manual mode with steering and brake inputs in immediate reaction to the third party vehicle in the adjacent center lane abruptly cutting in to the AV's lane, apparently attempting to make a last-second right turn onto Medical Foundation Drive. Approximately 1.5 seconds later, the third party vehicle collided with AV which was then travelling at 14mph_ The third party passenger vehicle made contact with the Lyft AV's front left lidar sensor and the driver side fender. Damage was limited to the third party's passenger side door and passenger side fender, and the Lyft AV's front bumper, left bumper lidar sensor and driver side fender. No injuries were reported and law enforcement was not called.","1, 2, 3",37.440525,-122.163336,511609,1011,1,36.4,3380,1910,40,809,452,169,144292
A,11/22/19,11:11 PM,2016,Toyota,Highlander,5th Street and Folsom Street,San Francisco,San Francisco,94017,Moving,Moving,2,Moderate,Conventional,Clear,Dark - Street Lights,Dry,No Unusual Conditions,Making Left Turn,Proceeding Straight,Head On,Compact Car,Intersection,Vehicle 2,2,minor injuries,"The Zoox vehicle(1) was in conventional mode traveling southbound on Sth Street and making a protected left turn with green arrow onto Folsom Street_ The other party's vehicle(2), while being pursued by members of the San Francisco Police Department, illegally entered the intersection from the opposite direction of travel on Sth Street at a high rate of speed and collided with the front/driver's side corner of the Zoox vehicle(1) The force of the impact deployed all front airbags of the Zoox vehicle(l). Both occupants of the Zoox vehicle(l) complained of minor injuries, but declined ambulance transportation.","16, 17, 18",37.780264,-122.403387,017804,4000,4,,,,,,,0,
C,11/25/19,7:00 PM,2020,Chevrolet,Bolt,California St. and Hyde St.,San Francisco,San Francisco,94109,Stopped in Traffic,Moving,2,Minor,Autonomous,Clear,Dark - Street Lights,Dry,No Unusual Conditions,Making Right Turn,Making Right Turn,Rear End,Mid-Sized Car,Intersection,Vehicle 2,1,later mentioned injuries,"A Cruise autonomous vehicle (""Cruise AV'), operating in autonomous mode, was making a right turn from eastbound California Street onto southbound Hyde Street when another vehicle made contact with the Cruise AV'$s rear bumper, damaging the rear fascia and the rear center radars_ There were no injuries reported at the scene by either party and police were not called. after the collision, the Cruise AV test operator sitting in the driver's seat reported injuries [originally filed 12/4/2019, amended 12/16/2019] Days","8, 9",37.790973,-122.417391,011101,3001,3,,,,,,,0,
C,11/29/19,10:41 AM,2020,Chevrolet,Bolt,Embarcadero St. and Washington St.,San Francisco,San Francisco,94105,Moving,Moving,2,Moderate,Conventional,Clear,Daylight,Dry,No Unusual Conditions,Proceeding Straight,Proceeding Straight,Rear End,Mid-Sized Car,Street,Vehicle 2,1,later mentioned injuries,"A Cruise autonomous vehicle (""Cruise AV""), operating in autonomous mode, was traveling southeast bound on The Embarcadero at the intersection with Washington Street when the Cruise AV slowed down: The driver of the Cruise AV disengaged from autonomous mode and, shortly thereafter; another vehicle made contact with the rear bumper of the Cruise AV, damaging the Cruise AV's rear fascia assembly and radars_ There were no injuries reported at the scene by either party and police were not called. Both of the Cruise AV test operators later mentioned neck and back pain.","7, 8, 9",37.789595,-122.395631,061501,1006,1,,,,,,,0,
C,12/8/19,9:14 AM,2020,Chevrolet,Bolt,30th Avenue and California Street,San Francisco,San Francisco,94121,Stopped in Traffic,Moving,2,Minor,Autonomous,Clear,Daylight,Dry,No Unusual Conditions,Stopped,Slowing/Stopping ,Rear End,Mid-Sized Car,Intersection,Vehicle 2,0,None,"A Cruise autonomous vehicle (""Cruise AV'), operating in autonomous mode, was stopped at a 4-way stop on southbound 3Oth Avenue at the intersection with California Street when another vehicle made contact with the Cruise AV's rear bumper, damaging the rear fascia and rear center radar assembly of the Cruise AV. There were no injuries and police were not called.",8,37.783639,-122.490364,042700,3003,3,,,,,,,0,
C,12/13/19,7:55 AM,2020,Chevrolet,Bolt,Bryant St. and Delancey St.,San Francisco,San Francisco,94107,Moving,Moving,2,Minor,Conventional,Clear,Daylight,Dry,No Unusual Conditions,Parking Maneuver,Parking Maneuver,Rear End,Mid-Sized Car,Parking,Vehicle 2,0,None,"A Cruise autonomous vehicle (""Cruise AV') being driven in conventional mode was involved in a collision on Delancey Street south of the intersection with Brannan Street. While the driver of the Cruise AV was reversing out of its perpendicular parking spot on Delancey, another vehicle simultaneously reversing out of its perpendicular parking spot on the opposite side of the street made contact with the rear bumper of the Cruise AV, damaging the Cruise AV's left tail assembly and rear fascia. There were no injuries reported at the scene by either party and police were not called: after the collision, both of the Cruise AV test operators reported injuries. lamp Days","7, 8",37.784917,-122.391249,061508,2001,2,,,,,,,0,
A,12/19/19,9:45 AM,2016,Toyota,Highlander,NB Kearny Street before Post Street,San Francisco,San Francisco,94108,Moving,Moving,2,Moderate,Conventional,Cloudy,Daylight,Dry,No Unusual Conditions,Proceeding Straight,Changing Lanes,Side Swipe,Mid-Sized Car,Street,Vehicle 2,0,None,"On December 19,2019 at approximately 9:44AM, a Zoox vehicle operating in manual mode was struck on the passenger side fender by a bus_ The Zoox vehicle was traveling north on Kearny in the right most lane when the bus attempted to lane change in front of the Zoox vehicle, impacting its front passenger side sensors and fender: The bus was traveling less than Zmph when it hit the Zoox vehicle, which was stopped There were no injuries.","15, 16",37.791028,-122.408782,011902,3001,3,,,,,,,0,
C,12/19/19,10:27 AM,2020,Chevrolet,Bolt,Post St. and Leavenworth St.,San Francisco,San Francisco,94109,Moving,Moving,2,Minor,Autonomous,Clear,Daylight,Dry,No Unusual Conditions,Proceeding Straight,Changing Lanes,Rear End,Mid-Sized Car,Intersection,Vehicle 2,0,None,"A Cruise autonomous vehicle (""Cruise AV"") operating in autonomous mode, was traveling northbound on Leavenworth Street at the intersection with Post Street when the Cruise AV yielded to public transit bus changing into the Cruise A lane from the right adjacent lane The driver of the Cruise AV disengaged from autonomous mode and, shortly thereafter, another vehicle made contact with the left rear corner of the Cruise AV, damaging the Cruise A V's left rear fascia and the other vehicle'$ right front fascia. There were no injuries and police were not called. V's","6, 7",37.787453,-122.414995,012204,3000,3,,,,,,,0,
B,12/20/19,9:13 AM,2017,Chrysler,Pacifica,Whisman Station Drive and Central Expressway,Mountain View,Santa Clara,94043,Stopped in Traffic,Moving,2,Minor,Conventional,Clear,Daylight,Dry,No Unusual Conditions,Stopped,Proceeding Straight,Rear End,Compact Car,Slip Lane,Vehicle 2,0,None,"Waymo Autonomous Vehicle Waymo AV"") was stopped in manual mode in the slip lane from southbound Whisman Station Drive to northbound Central Expressway in Mountain View when it was rear-ended The Waymo AV test driver was yielding to approaching traffic when a passenger vehicle made contact with the Waymo AV's rear bumper at approximately 2 MPH: The Waymo AV sustained minor damage to its rear bumper, and the passenger vehicle sustained minor damage to its front bumper: No injuries were reported at the scene",8,37.389459,-122.06288,509109,1024,1,,,,,,,0,
A,12/20/19,9:00 AM,2016,Toyota,Highlander,Kearny Street and Jackson Street,San Francisco,San Francisco,94108,Moving,Moving,2,Moderate,Conventional,Cloudy,Daylight,Dry,No Unusual Conditions,Making Right Turn,Proceeding Straight,Rear End,Mid-Sized Car,Intersection,Vehicle 2,0,None,"On December 20,2019 at approximately 9:OOAM, a stationary Zoox vehicle operating in manual mode was struck on its rear drivers' side by another vehicle traveling 1Omph: The Zoox vehicle was traveling north o Kearny making a right onto Jackson: The Zoox vehicle was stopped while yielding to pedestrian crossing Jackson: The vehicle directly behind the Zoox vehicle drove around the left side of the Zoox vehicle in an attempt to pass, clipping the left rear sensors with it's passenger side side-view mirror: There were no injuries.","6, 7",37.79621,-122.405143,061101,1004,1,,,,,,,0,
C,12/27/19,4:56 PM,2020,Chevrolet,Bolt,850 Stanyan St.,San Francisco,San Francisco,94117,Moving,Moving,2,Minor,Conventional,Clear,Dusk-Dawn,Dry,No Unusual Conditions,Proceeding Straight,Passing Other Vehicle,Side Swipe,Truck/Bus,Intersection,Vehicle 2,0,None,"A Cruise autonomous vehicle (""Cruise AV'), operating in autonomous mode, was traveling southbound on Stanyan Street at the intersection with Beulah Street when lane-encroaching municipal city bus in the right adjacent lane attempted to pass the Cruise AV. The driver of the Cruise AV disengaged from autonomous mode and, shortly thereafter; the bus made contact with the right side of the Cruise AV, damaging the Cruise AV's right articulating radar casing: There were no injuries. Police were called but not dispatched to the scene. city",14,37.766678,-122.452699,017102,3004,3,35.1,1374,844,43,99,249,138,142259
C,1/2/20,8:24 AM,2020,Chevrolet,Bolt,Clement St between 24th Ave and 25th Ave,San Francisco,San Francisco,94121,Stopped in Traffic,Moving,2,Minor,Conventional,Clear,Daylight,Dry,No Unusual Conditions,Parked,Parking Maneuver,Head On,Mid-Sized Car,Parking,Vehicle 2,0,None,"A Cruise autonomous vehicle (""Cruise AV') being driven in conventional mode was involved in a collision on eastbound Clement Street between 24th and 25th Avenues_ While the Cruise AV was parked parallel to the curb on the street, another vehicle reversing out of its parallel parking spot made contact with the front bumper of the Cruise AV, damaging the Cruise AV's front center radar bracket assembly. There were no injuries and police were not called.",17,37.782025,-122.484873,042700,2000,2,,,,,,,0,
B,1/7/20,10:05 AM,2017,Chrysler,Pacifica,Nita Avenue and San Antonio Road,Palo Alto,Santa Clara,94306,Stopped in Traffic,Moving,2,Minor,Autonomous,Clear,Daylight,Dry,No Unusual Conditions,Stopped,Proceeding Straight,Rear End,Truck/Bus,Slip Lane,Vehicle 2,0,None,"Waymo Autonomous Vehicle (""Waymo AV ) was stopped in autonomous mode in the slip lane from westbound Nita Avenue to northbound San Antonio Road in Palo Alto when it was rear-ended. The Waymo AV was yielding to approaching traffic when commercial box truck made contact with the Waymo AV's rear bumper at approximately 3 MPH: The Waymo AV sustained minor damage to its rear bumper, and the commercial box truck left without exchanging information. Waymo contacted the Palo Alto Police Department and police report was filed No injuries were reported at the scene.","7, 8",37.41028,-122.104636,509302,2014,2,43.4,2290,897,529,677,133,54,119271
A,1/8/20,9:10 AM,2016,Toyota,Highlander,Green St. and Grant St.,San Francisco,San Francisco,94133,Stopped in Traffic,Moving,2,Moderate,Conventional,Clear,Daylight,Dry,No Unusual Conditions,Stopped,Backing,Rear End,Compact Car,Parking,Vehicle 2,0,None,"A Zoox vehicle was parked with hazard lights blinking while in manual mode on Green St: facing east towards Varennes St: A car reversed from horizontal parking of the oncoming lane and made contact with the rear left corner of the Zoox Vehicle, damaging the sensors_ Police were not called. spot",7,37.799704,-122.407395,010600,3006,3,,,,,,,0,
C,1/12/20,12:40 PM,2020,Chevrolet,Bolt,Clipper St. and Portola Dr.,San Francisco,San Francisco,94131,Moving,None,1,Minor,Conventional,Clear,Daylight,Dry,No Unusual Conditions,Making Left Turn,Unknown,Hit Object,Mid-Sized Car,Intersection,Vehicle 1,0,None,"A Cruise autonomous vehicle (""Cruise AV') being driven in conventional mode was involved in a single-car collision on northbound Clipper Street near the intersection with westbound Portola Drive. While the driver of the Cruise AV began to turn left onto Portola, the driver made contact with the traffic island, damaging the Cruise AV's front left wheel assembly: There were no injuries and police were not called:",2,37.748845,-122.436942,021300,2008,2,43.2,1646,1005,99,194,181,167,168759
A,1/13/20,6:15 PM,2016,Toyota,Highlander,Mason St. and Sutter St.,San Francisco,San Francisco,94108,Stopped in Traffic,Moving,2,None,Conventional,Clear,Dark - Street Lights,Dry,No Unusual Conditions,Stopped,Proceeding Straight,Rear End,Compact Car,Intersection,Vehicle 2,0,None,"A Zoox vehicle was in manual mode, stopped at a red light at the intersection of Mason St. and Sutter St. facing south. A vehicle behind it made low-speed contact with the rear of the Zoox vehicle There was no damage. Police were not called",0,37.788081,-122.410057,012302,3001,3,,,,,,,0,
Aurora,1/14/20,11:13 AM,2017,Lincoln,MKZ,Lafayette St: and Benton St:,Santa Clara,Santa Clara,95050,Stopped in Traffic,Moving,2,None,Conventional,Clear,Daylight,Dry,No Unusual Conditions,Stopped,Passing Other Vehicle,Rear End,Mid-Sized Car,Intersection,Vehicle 2,0,None,"On 01/14/2020 at 11:13 AM, the Aurora vehicle while at a complete stop at a red light at the intersection of Lafayette  St and Benton St. in Santa Clara was rear-ended on the driver's side rear fender by a Jeep Wrangler; when it attempted to navigate around the stopped Aurora vehicle_ There were no injuries to the occupants of either vehicle, nor damage to either vehicle.",0,37.351079,-121.94396,505600,3000,3,,,,,,,0,
A,1/14/20,3:46 PM,2016,Toyota,Highlander,5th Street and Folsom Street,San Francisco,San Francisco,94107,Moving,Moving,2,Minor,Conventional,Cloudy,Daylight,Dry,No Unusual Conditions,Proceeding Straight,Changing Lanes,Rear End,Mid-Sized Car,Street,Vehicle 2,0,None,"A Zoox vehicle in manual mode was in traffic on Sth St; south of Folsom when the car immediately behind it passed on the left. That car made contact with the left-rear bumper of the Zoox vehicle, causing a minor scratch: The driver of the Zoox vehicle then pulled over to assess damage and exchange driver information, but the other vehicle did not stop. There were no injuries, and police were not called. St  ,",7,37.780264,-122.403387,017804,4000,4,,,,,,,0,
A,1/21/20,8:44 AM,2016,Toyota,Highlander,3rd St. and Mission St.,San Francisco,San Francisco,94103,Moving,Moving,2,Minor,Conventional,Clear,Daylight,Dry,No Unusual Conditions,Proceeding Straight,Changing Lanes,Rear End,Mid-Sized Car,Street,Vehicle 2,0,None,"A Zoox vehicle was traveling in manual mode on 3rd St towards Mission St when a car merged into the lane behind it: While the Zoox vehicle yielded to bus, the car behind the Zoox vehicle made contact with the Zoox vehicle's rear bumper, damaging some sensors. The Zoox vehicle driver pulled over to assess the damage and exchange driver information but the other vehicle did not stop. There were no injuries and police were not called.",8,37.786248,-122.402025,061501,3006,3,,,,,,,0,
A,1/21/20,11:08 AM,2016,Toyota,Highlander,Broadway St. and Powell St.,San Francisco,San Francisco,94133,Moving,Stopped in Traffic,2,Minor,Autonomous,Clear,Daylight,Dry,No Unusual Conditions,Passing Other Vehicle,Stopped,Side Swipe,Truck/Bus,Street,Vehicle 1,0,None,"A Zoox vehicle traveling in autonomous mode on Broadway St. towards Powell St: encountered double-parked flatbed truck: The Zoox vehicle began to maneuver around the stationary truck and made slight contact with the left rear of the truck, causing a scrape on the passenger-side door of the Zoox vehicle; there was no damage to the truck There were no injuries and police were not called.",14,37.797419,-122.410264,010701,1004,1,,,,,,,0,
C,1/25/20,8:10 AM,2020,Chevrolet,Bolt,4307 24th St,San Francisco,San Francisco,94114,Moving,Stopped in Traffic,2,None,Conventional,Clear,Daylight,Dry,No Unusual Conditions,Backing,Parked,Other,Mid-Sized Car,Parking,Vehicle 1,0,None,"A Cruise autonomous vehicle (""Cruise AV') being driven in conventional mode was involved in a collision 0n westbound 24th Street between Douglass Street and Hoffman Avenue_ While the driver of the Cruise AV attempted to reverse into a parallel parking spot; the driver made contact with another parked vehicle's front bumper, damaging the other vehicle's front center bumper_ There were no injuries and police were not called.",0,37.750799,-122.438863,021300,2000,2,43.2,1646,1005,99,194,181,167,168759
B,1/28/20,11:30 AM,2017,Chrysler,Pacifica,Oro Way at Space Park Way,Mountain View,Santa Clara,94043,Moving,None,1,Minor,Conventional,Cloudy,Daylight,Dry,Reduced Roadway Width,Making Right Turn,Unknown,Side Swipe,Mid-Sized Car,Intersection,Vehicle 1,0,None,"Waymo Autonomous Vehicle (""Waymo AV"") was being driven in manual mode and attempting to exit Santiago Villa Mobile Home Park  in Mountain View by turning right from southbound Oro Way to westbound Space Park when it made contact with stationary object The Waymo AV's test driver was making a sharp right turn and the Waymo AV's rear passenger side door and wheel well scraped a wall at approximately MPH: The Waymo AV sustained minor damage. No injuries were reported at the scene Way",11,37.421865,-122.070895,504601,1007,1,,,,,,,0,
C,1/29/20,10:10 AM,2020,Chevrolet,Bolt,1170 Columbus Av,San Francisco,San Francisco,94133,Moving,Moving,2,None,Autonomous,Clear,Daylight,Dry,No Unusual Conditions,Proceeding Straight,Proceeding Straight,Rear End,Compact Car,Street,Vehicle 2,0,None,"A Cruise autonomous vehicle ~Cruise AV ) operating in autonomous mode, was traveling northwest bound on Columbus Street approaching the intersection with Jones Street when the Cruise AV slowed down The driver of the Cruise AV disengaged from autonomous mode and, shortly thereafter, another vehicle, changing into the Cruise AV's lane from the left adjacent lane, made contact with] the rear bumper of the Cruise AV. There were no injuries reported at the scene by either party and police were not called. Both of the Cruise] AV test operators later mentioned neck and shoulder pain.",0,37.805109,-122.416928,010300,1001,1,50.7,1077,702,0,277,91,7,0
C,1/31/20,5:47 PM,2020,Chevrolet,Bolt,22 Castro St,San Francisco,San Francisco,94114,Stopped in Traffic,Moving,2,None,Autonomous,Clear,Daylight,Dry,No Unusual Conditions,Making Left Turn,Proceeding Straight,Rear End,Mid-Sized Car,Intersection,Vehicle 2,0,None,"A Cruise autonomous vehicle ""Cruise AV'), operating in autonomous mode, was making a left turn onto eastbound Duboce Avenue from southbound Castro Street when the Cruise AV yielded to an oncoming car: The driver of the Cruise AV disengaged from autonomous mode and, shortly thereafter; another vehicle made contact with the rear bumper of the Cruise AV. There were no injuries reported at the scene by either party and police were not called. Both of the Cruise AV test operators later mentioned neck and back pain:",0,37.76853,-122.436037,017000,1000,1,39.5,856,641,13,60,27,115,250001