Company,Date,Time,Vehicle 1 Year,Vehicle Make,Vehicle Model,Address,City,County,Zip Code,Vehicle 1 Status,Vehicle 2 Status,Vehicles Involved,Describe Veh Damage,Mode,Weather,Lighting,Roadway Surface,Roadway Condition,Mov Proceed Col Veh 1,Mov Proceed Col Veh 2,Collision Type,Vehicle type,Location,Fault,Number of injuries,Injuries,Description,Damaged Area,Latitude,Longitude,Census Tract Code,Census Block Code,Census Block Group,Median Age,Population,White,Black,Asian,Hispanic,Other,Median Income
A,9/21/21,3:15 PM,2016,Toyota,Highlander,Intersection of Broadway and Sansome,San Francisco,San Francisco,94133,Stopped in Traffic,Moving,2,Moderate,Conventional,Clear,Daylight,Dry,No Unusual Conditions,Stopped,Other Unsafe Turning,Broadside,Mid-Sized Car,Street,Vehicle 2,0,None,"A Zoox vehicle in manual mode was stopped in the left turn lane, when passenger vehicle approaching from the rear in the right adjacent lane collided into the right passenger side doors of the Zoox vehicle. The passenger vehicle immediately fled the scene. The Zoox vehicle incurred moderate damage to the right side passenger doors  The police were not called at the scene but a police report was filed There were no injuries:","11, 12, 13, 14",37.804826,-122.410979,010101,2006,2,37.5,1337,429,17,714,139,38,56050
B,9/22/21,4:29 AM,2021,Jaguar,I-Pace,Lombard Street and Scott Street,San Francisco,San Francisco,94123,Stopped in Traffic,Moving,2,Major,Conventional,Clear,Dark - Street Lights,Dry,No Unusual Conditions,Stopped,Proceeding Straight,Rear End,Mid-Sized Car,Street,Vehicle 2,0,None,"On September 22, 2021 at 429 AM PDT a Waymo Autonomous Vehicle (""Waymo AV') operating in San Francisco was in a collision involving passenger vehicle at Lombard Street and Scott Street_ The Waymo AV was stopped at a red light facing west o Lombard Street in manual mode_ A passenger vehicle approaching the rear of the Waymo AV at approximately 26 miles per hour collided with the right rear bumper of the vehicle. Both vehicles sustained major damage. Occupants of the Waymo vehicle reported soreness in their shoulders after leaving the scene.","8, 9",37.799212,-122.440978,012801,3000,3,,,,,,,0,
C,9/25/21,10:56 AM,2020,Chevrolet,Bolt,3100 3rd St,San Francisco,San Francisco,94124,Stopped in Traffic,Moving,2,Minor,Conventional,Clear,Daylight,Unknown,No Unusual Conditions,Stopped,Proceeding Straight,Rear End,Mid-Sized Car,Street,Vehicle 2,1,Injured passenger,"A Cruise autonomous vehicle (""Cruise AV""), operating in manual mode, was traveling northbound on 3rd Street between Marin Street and Cesar Chavez Street_ As the Cruise AV was stopped behind another vehicle, 2020 Chevy Bolt behind the Cruise AV made contact with the Cruise AV, damaging the rear center bumper of the Cruise AV. The Cruise AV operator reported injuries. Police were not called to the scene_",8,37.750072,-122.38805,980900,1000,1,32.5,296,82,16,169,10,19,137750
Apple,9/27/21,10:53 AM,2017,Lexus,RX 45h,N Mathilda Ave and DelAveRey,Sunnyvale,Santa Clara,94085,Moving,None,1,Minor,Autonomous,Cloudy,Daylight,Dry,No Unusual Conditions,Making Right Turn,Unknown,Hit Object,Mid-Sized Car,Street,Vehicle 1,0,None,"A test vehicle, operating in autonomous mode in Sunnyvale and turning right from Mathilda Avenue onto Del Avenue, made contact with a curb at approximately 13 miles per hour: While there was no tire Or wheel damage, the contact resulted in misalignment: No other agents were involved, no injuries were reported, and law enforcement was not called to the scene. Ray","10, 11, 14",37.390023,-122.030379,509001,1011,1,34.9,1508,261,47,392,689,119,177083
B,10/1/21,3:51 PM,2021,Jaguar,I-Pace,John F. Kennedy Drive at Stanyayn Street,San Francisco,San Francisco,94117,Stopped in Traffic,Moving,2,Minor,Autonomous,Clear,Daylight,Dry,No Unusual Conditions,Stopped,Proceeding Straight,Rear End,Mid-Sized Car,Intersection,Vehicle 2,1,Injured driver,"On October 1, 2021 at 3.51 PM PDT a Waymo Autonomous Vehicle ""~Waymo AV"") operating in San Francisco, California was in a collision involving an SUV at John F. Kennedy Drive at Stanyan Street: The Waymo AV was traveling in autonomous mode westbound on Fell Street John F. Kennedy Drive when it stopped for pedestrians who were in a crosswalk and between the westbound and eastbound lanes of John F. Kennedy Drive. An SUV following behind the Waymo AV struck the rear of the Waymo AV_ The Waymo AV sustained minor damage to its rear bumper and trunk, and the SUV sustained minor damage to its front bumper and hood The Waymo AV test driver later reported lower back pain.",8,37.77093,-122.455289,980300,1002,1,,,,,,,0,
C,10/2/21,1:56 AM,2020,Chevrolet,Bolt,700StCapp,San Francisco,San Francisco,94110,Stopped in Traffic,Moving,2,Minor,Autonomous,Clear,Dark - Street Lights,Dry,No Unusual Conditions,Stopped,Backing,Rear End,Mid-Sized Car,Intersection,Vehicle 2,0,None,"A Cruise autonomous vehicle (""Cruise AV""), operating in autonomous mode, was at a complete in response a stop sign on northbound Capp Street at the intersection with 22nd Street. An SFPD 2016 Ford Explorer that was in front of the Cruise AV reversed from the intersection of Capp Street and 22nd Street and made contact with the Cruise A V's front bumper, damaging the front bumper. There were no injuries and the officer that struck the Cruise AV filed a police report: stop",17,37.748932,-122.416281,020900,2005,2,,,,,,,0,
B,10/7/21,11:12 PM,2021,Jaguar,I-Pace,Mission St and Highland Ave,San Francisco,San Francisco,94110,Stopped in Traffic,Moving,2,Minor,Conventional,Clear,Dark - Street Lights,Dry,No Unusual Conditions,Stopped,Unknown,Side Swipe,Mid-Sized Car,Street,Vehicle 2,0,None,"On October 4, 2021 at 11:12 PM PDT a Waymo Autonomous Vehicle (""Waymo AV' operating in San Francisco, California was in a collision involving a passenger vehicle at Mission Street and Highland Street  While operating in manual mode, Waymo AV was waiting at a red light southbound on Mission Street when a passenger vehicle approached from behind and made contact with the right rear sensor housing of the Waymo AV. The Waymo AV sustained minor damage to the sensor housing The passenger vehicle left the scene. facing",9,37.737406,-122.424039,025401,1006,1,,,,,,,0,
B,10/8/21,8:39 AM,2021,Jaguar,I-Pace,301 Ellsworth Street,San Francisco,San Francisco,94110,Moving,None,2,Minor,Conventional,Cloudy,Dusk-Dawn,Dry,No Unusual Conditions,Parking Maneuver,Parked,Head On,Mid-Sized Car,Parking,Vehicle 1,0,None,"On October 8, 2021 at 8.39 AM PDT a Waymo Autonomous Vehicle (""Waymo AV') operating in San Francisco, California was in a collision involving a passenger vehicle at Ellsworth Street and Jarboe Avenue. While operating in manual mode, the driver of the Waymo AV pulled into the right parking lane to In the process; the Waymo AV made contact with the bumper of a parked vehicle. Both vehicles sustained minor bumper damage. park",17,37.738695,-122.414467,025402,1000,1,50,1454,282,16,159,902,95,153594
B,10/8/21,6:39 PM,2021,Jaguar,I-Pace,4423 Mission Street,San Francisco,San Francisco,94112,Stopped in Traffic,Moving,2,Minor,Conventional,Clear,Dusk-Dawn,Dry,No Unusual Conditions,Stopped,Backing ,Head On,Mid-Sized Car,Street,Vehicle 2,0,None,"On October 8, 2021 at 6.39 PM PDT a Waymo Autonomous Vehicle ""Waymo AV"") operating in San Francisco, California was in a collision involving a passenger vehicle at Mission Street at Avalon Avenue While traveling northwest on Mission Street in autonomous mode, the Waymo AV navigated around double-parked vehicle stopped in the right lane. After re-entering the right lane, the Waymo AV came t0 a complete stop behind a second passenger vehicle, at which time the driver of the Waymo AV transitioned into manual mode. The second passenger vehicle reversed into the Waymo AV making contact with its front bumper. Both vehicles sustained minor bumper damage.",16,37.727223,-122.432537,026001,1003,1,37.1,1591,318,10,980,193,90,190909
B,10/18/21,12:57 PM,2021,Jaguar,I-Pace,Cesar Chavez and Evans Avenue,San Francisco,San Francisco,94124,Moving,Moving,2,Minor,Autonomous,Clear,Daylight,Dry,No Unusual Conditions,Slowing/Stopping,Proceeding Straight,Rear End,Mid-Sized Car,Intersection,Vehicle 2,0,None,"On October 18,2021 at 12.57 PM PDT a Waymo Autonomous Vehicle (""Waymo AV') operating in San Francisco, CA was in a collision involving an SUV at Cesar Chavez and Evans Avenue As the Waymo AV approached a right turn from Cesar Chavez onto Evans Avenue, it braked behind stopped traffic. An SUV following behind the Waymo AV made contact with the rear of the Waymo AV. At the time of the impact, the Waymo AV's Level 4 ADS was engaged in autonomous mode, and a test driver was present in the driver s seating position:  The Waymo AV sustained minor damage to its rear bumper and trunk, and the SUV sustained minor damage to its front bumper and hood.","7, 8, 9",37.749685,-122.397285,980900,1018,1,,,,,,,0,
B,10/19/21,12:33 PM,2021,Jaguar,I-Pace,California Street and Jordan Avenue,San Francisco,San Francisco,94118,Moving,Moving,2,Minor,Conventional,Clear,Daylight,Dry,No Unusual Conditions,Changing Lanes,Proceeding Straight,Side Swipe,Mid-Sized Car,Street,Vehicle 1,0,None,"On October 19,2021 at 12.33 PM PDT a Waymo Autonomous Vehicle (""Waymo AV') operating in San Francisco, CA was in a collision involving passenger car on California Street between Jordan Avenue and Cherry Street While in manual mode and stopped behind traffic waiting to make an unprotected left turn from California Street oto Cherry Street, the Waymo AV test driver attempted to make a right lane change to proceed around its stopped lead vehicle, and made contact with passenger vehicle traveling in the right adjacent lane. At the time of the impact, the Waymo AV's Level 4 ADS was not engaged and a test driver was operating the Waymo AV in manual mode. The Waymo AV sustained minor damage to its front passenger side bumper corner and sensor hardware, and the passenger vehicle sustained moderate scraping and denting on the driver's side rear passenger dOor.",16,37.785964,-122.456963,015402,2003,2,,,,,,,0,
AIArgo,10/19/21,2:25 PM,2020,Ford,Escape,Grant Ave/El Camino Real,Palo Alto,Santa Clara,94306,Stopped in Traffic,Moving,2,Minor,Autonomous,Clear,Daylight,Dry,No Unusual Conditions,Stopped,Making Right Turn,Rear End,Mid-Sized Car,Intersection,Vehicle 2,0,None,"An AI Autonomous Vehicle AV') was involved in a rear-end collision on Grant Ave. The AV came to a complete stop at the stop sign located at the intersection of Grant Ave. and El Camino Real. After the Argo AV began to initiate a right-hand turn, the AV came to a stop in response to oncoming traffic. A vehicle trailing behind the AV moved forward and contacted the AV's left rear bumper: The AV sustained minor damage to its left rear bumper. ",7,37.415728,-122.130765,510600,2002,2,,,,,,,0,
A,10/21/21,3:05 PM,2016,Toyota,Highlander,Intersection of Columbus and Mason St:,San Francisco,San Francisco,94133,Moving,Moving,2,Minor,Conventional,Cloudy,Daylight,Dry,No Unusual Conditions,Proceeding Straight,Traveling Wrong Way,Side Swipe,Truck/Bus,Street,Vehicle 2,0,None,"While in manual mode, the Zoox vehicle was proceeding straight on Columbus St through the intersection at Mason, when a pickup truck in the left adjacent lane turned right in front of the Zoox vehicle. The truck contacted the Zoox vehicle which incurred minor damage to its front left bumper: There were no injuries and the police were not called:","10, 11, 12, 13",37.804684,-122.413429,010102,1004,1,,,,,,,0,
B,10/27/21,3:54 PM,2021,Jaguar,I-Pace,Bayshore Blvd and Flower Street,San Francisco,San Francisco,94124,Stopped in Traffic,Moving,2,Minor,Conventional,Clear,Daylight,Dry,No Unusual Conditions,Stopped,Proceeding Straight,Rear End,Mid-Sized Car,Intersection,Vehicle 2,0,None,"On October 27, 2021 at 3.54 PM PST a Waymo Autonomous Vehicle (""Waymo AV"") operating in San Francisco was in a collision involving passenger vehicle at Flower Street and Bayshore Avenue While in manual mode, the operator of the Waymo AV was at a complete stop while yielding to traffic approaching from the left, waiting to make a left turn onto Bayshore Avenue from northwest Flower Street: A passenger vehicle approached from behind and made contact with the rear of the Waymo AV. At the time of the impact, the Waymo AV's Level 4 ADS was not engaged and a test driver was operating the Waymo AV in manual mode. Both vehicles sustained minor damage.",7,37.73123,-122.382857,023102,2004,2,,,,,,,0,
B,10/28/21,9:35 PM,2021,Jaguar,I-Pace,Silver Avenue and Bayshore Blvd.,San Francisco,San Francisco,94124,Moving,Moving,2,Minor,Conventional,Clear,Dark - Street Lights,Dry,No Unusual Conditions,Making Left Turn,Proceeding Straight,Head On,Mid-Sized Car,Intersection,Vehicle 2,0,None,"On October 28,2021 at 9.35 PM PDT a Waymo Autonomous Vehicle (""Waymo AV"" operating in San Francisco, CA was in collision involving a van at Silver Avenue at Bayshore Boulevard. The Waymo AV while in autonomous mode, was waiting to make a left turn Silver Avenue onto Bayshore Boulevard and yielding to oncoming traffic, when the test driver (in the driver seating position; transitioned to manual mode and proceeded with a left turn manually During the left turn, an approaching van made contact with the front bumper of the Waymo AV. At the time of the impact, the Waymo AV's Level 4 ADS was not engaged and a test driver was operating the Waymo AV in manual mode The Waymo AV sustained minor damage to its front bumper, and the van sustained minor damage to its front bumper: from",18,37.729357,-122.402751,023001,3006,3,,,,,,,0,
Pony.ai,10/28/21,10:50 AM,2021,Hyundai,Kona EV,Southbound on Fremont Blvd past Cushing Pkwy,Fremont,Alameda,94538,Moving,None,1,Moderate,Autonomous,Clear,Daylight,Dry,No Unusual Conditions,Changing Lanes,Unknown,Hit Object,Mid-Sized Car,Intersection,Vehicle 1,0,None,"On October 28,2021 after turning right onto Fremont Blvd from Cushing Pkwy, the Pony.ai Autonomous Vehicle (""Pony.ai AV"") performed left lane change maneuver in autonomous mode. While performing the lane the Pony.ai AV came into contact with a center divider on Fremont Blvd and the traffic sign that was posted on the divider: The Pony.ai AV suffered moderate damage to the front of the vehicle and the undercarriage. There were no injuries and no other vehicles involved. Fremont Police Department were called to report the incident and the damaged street sign. Pony.ai has subsequently worked with local authorities to resolve all issues related to the damaged sign. change,","16, 17, 18, 19",37.509453,-121.95832,441503,2003,2,,,,,,,0,
A,11/3/21,4:09 PM,2016,Toyota,Highlander,Intersection of Oakdell and Lemon St.,Menlo Park,San Mateo,94025,Moving,Moving,2,Minor,Conventional,Clear,Daylight,Dry,No Unusual Conditions,Making Left Turn,Proceeding Straight,Broadside,Mid-Sized Car,Intersection,Vehicle 2,0,None,A Zoox vehicle was in manual mode making a left turn from Lemon St: onto Oakdell St A passenger vehicle passed through a stop sign without slowing and made contact with the rear and left side of the Zoox vehicle The Zoox vehicle incurred minor damage to its rear; left bumper and rear sensor: There were no injuries and the police were not called.,"5, 6, 7",37.439616,-122.186373,612800,1007,1,,,,,,,0,
Weride,11/3/21,3:27 PM,2019,Nissan,Leaf,87 S On-ramp from Charcot Ave,San Jose,Santa Clara,95131,Stopped in Traffic,Moving,2,Minor,Autonomous,Clear,Daylight,Dry,No Unusual Conditions,Stopped,Proceeding Straight,Rear End,Mid-Sized Car,Highway/Freeway,Vehicle 2,0,None,"At 3.27 PM on 11/03/2021, a driver from Weride was operating one of our autonomous vehicles in autonomous mode on the on-ramp to CA  87 S Charcot Avenue in North San Jose_ Our car was in the queue of traffic waiting for the metering light: While our car was stationary (0 MPH), the other car involved accelerated slightly to about 5 MPH, which resulted in a minor rear end collision: Our driver and the other party pulled over onto the shoulder: There were no injuries and information was exchanged. Since damage to OUT car was minimal, it was driven back to the office in manual mode. from",8,37.388389,-121.886316,504322,2012,2,,,,,,,0,
B,11/4/21,6:41 AM,2021,Jaguar,I-Pace,Green Street at Icehouse Alley,San Francisco,San Francisco,94111,Moving,None,1,Minor,Autonomous,Clear,Dark - Street Lights,Dry,No Unusual Conditions,Proceeding Straight,Unknown,Other,Mid-Sized Car,Intersection,Vehicle 1,0,None,"On November 4,2021 at 6.41 AM PST a Waymo Autonomous Vehicle (""Waymo AV"") operating in San Francisco, CA made contact with fixed object at the intersection of Icehouse Alley and Green Street. The Waymo AV was traveling eastbound on Green Street when the vehicle approached a partially covered manhole. The manhole cover made contact with the underside of the Waymo AV. At the time of the impact, the Waymo AV s Level 4 ADS was engaged in autonomous mode, and a test driver was present (in the driver' $ seating position). The Waymo AV sustained minor damage to the underside of the car_",19,37.800384,-122.402015,010500,1015,1,,,,,,,0,
B,11/6/21,4:28 PM,2021,Jaguar,I-Pace,Powell Street and Pacific Avenue,San Francisco,San Francisco,94133,Stopped in Traffic,Moving,2,Minor,Autonomous,Cloudy,Daylight,Dry,No Unusual Conditions,Stopped,Proceeding Straight,Rear End,Mid-Sized Car,Intersection,Vehicle 2,0,None,"On November 6, 2021 at 4.28 PM PDT a Waymo Autonomous Vehicle (""Waymo AV') operating in San Francisco, California was in a collision involving a passenger vehicle on Powell Street at Pacific Avenue_ The Waymo AV was traveling in autonomous mode southbound on Powell Street when it activated its right turn signal and prepared to make a right turn onto Pacific Avenue The Waymo AV stopped to yield to pedestrian who was in the adjacent crosswalk on Pacific Avenue A passenger vehicle behind the Waymo AV made contact with the rear of the Waymo AV. At the time of the impact, the Waymo AV's Level 4 ADS was engaged in autonomous mode; and a test driver was present (in the driver seating position). The Waymo AV sustained minor damage to its rear bumper; and the trailing passenger vehicle sustained minor damage to its front bumper.",8,37.796493,-122.410076,010701,1002,1,,,,,,,0,
B,11/6/21,1:50 AM,2021,Jaguar,I-Pace,Waller St at Alpine Terrace,San Francisco,San Francisco,94117,Stopped in Traffic,Moving,2,Minor,Autonomous,Clear,Dark - Street Lights,Dry,No Unusual Conditions,Stopped,Proceeding Straight,Side Swipe,Mid-Sized Car,Street,Vehicle 2,0,None,"On November 6, 2021 at 1.50 AM PST a Waymo Autonomous Vehicle (""Waymo AV') operating in San Francisco, CA was in a collision involving passenger vehicle at Waller Street at Alpine Terrace_ The Waymo AV was traveling westbound on Waller Street when it yielded to an oncoming passenger vehicle. As the passenger vehicle passed the stopped Waymo AV, its driver side rearview mirror made contact with Waymo AV sensor At the time of the impact, the Waymo Level 4 ADS was engaged in autonomous mode, and a test driver was present (in the driver  $ seating position). Both vehicles sustained minor damage. V's",3,37.770213,-122.437802,016700,3004,3,,,,,,,0,
Apple,11/11/21,5:01 PM,2016,Lexus,RX 45h,North Fair Oaks Ave and Kifer Road,Sunnyvale,Santa Clara,94086,Stopped in Traffic,Moving,2,None,Conventional,Clear,Daylight,Dry,No Unusual Conditions,Stopped,Passing Other Vehicle,Side Swipe,Mid-Sized Car,Street,Vehicle 2,0,None,"A test vehicle, stopped at a red light in Sunnyvale while operating in manual mode, was lightly struck 0n a sensor attached to the rear driver side wheel by a white minivan attempting to maneuver around the vehicle to enter a left turn lane. The test vehicle's sensor was not damaged. The minivan left the scene without stopping, $o any damage to the minivan is unknown: No injuries were reported, and law enforcement was not called t0 the scene",0,37.37693,-122.01982,508707,2019,2,,,,,,,0,
B,11/12/21,1:23 PM,2021,Jaguar,I-Pace,Divisadero Street and Golden Gate Avenue,San Francisco,San Francisco,94115,Stopped in Traffic,Moving,2,Minor,Autonomous,Clear,Daylight,Dry,No Unusual Conditions,Stopped,Proceeding Straight,Rear End,Mid-Sized Car,Street,Vehicle 2,0,None,"On November 12,2021 at 1.23 PM PST a Waymo Autonomous Vehicle (""Waymo AV"") operating in San Francisco, CA was in a collision involving passenger vehicle at Divisadero Street at Turk Street_ The Waymo AV was stopped at a red light on Divisadero Street at Turk Street: When the traffic light turned green, the passenger vehicle behind the Waymo AV made contact with the rear of the Waymo AV. At the time of the impact, the Waymo AV's Level 4 ADS was engaged in autonomous mode, and a test driver was present (in the driver's seating position). The Waymo AV sustained minor damage, and the trailing passenger vehicle sustained minor damage.",8,37.778724,-122.438552,015802,1002,1,,,,,,,0,
C,11/13/21,4:49 PM,2020,Chevrolet,Bolt,1100 Ocean Ave,San Francisco,San Francisco,94112,Moving,Moving,2,Minor,Autonomous,Clear,Daylight,Dry,No Unusual Conditions,Proceeding Straight,Other Unsafe Turning,Side Swipe,Mid-Sized Car,Intersection,Vehicle 2,0,None,"A Cruise autonomous vehicle (Cruise AV), operating in supervised autonomous mode, was traveling westbound on Ocean Avenue between Lee Avenue and Harold Avenue. The Cruise AV was traveling 18.8 mph upon coming to the intersection with Lee Avenue on green light. As the Cruise AV entered the intersection, a 2014 Audi made a prohibited left turn from the rightmost westbound lane 0n Ocean Ave. The Cruise AV hard braked to the Cruise AV operator disengaging the Cruise AV from autonomous mode. The Cruise AV operator continued to hard brake while steering away from the approaching vehicle but; shortly thereafter, the 2014 Audi made contact with the Cruise AV, damaging the front right of the Cruise AV and the front left bumper of the 2014 Audi. The Cruise AV was traveling 11.4 mph at the time of contact. Police were not called to the scene and no injuries were reported. prior","14, 15",37.723507,-122.453583,031000,2015,2,39.8,1675,519,87,714,275,80,131019
C,11/14/21,8:38 PM,2020,Chevrolet,Bolt,385 4th Ave,San Francisco,San Francisco,94118,Stopped in Traffic,None,2,Minor,Autonomous,Clear,Dark - Street Lights,Dry,No Unusual Conditions,Stopped,Proceeding Straight,Rear End,Mid-Sized Car,Street,Vehicle 2,0,None,"A Cruise autonomous vehicle (""Cruise AV""), operating in autonomous mode, was at a complete stop in response to a red light on southbound 4th Avenue at the intersection with Geary Boulevard: Another vehicle approaching from the rear made contact with the Cruise AV's rear bumper, damaging the rear bumper The driver of the other vehicle left the scene without exchanging information. There were no injuries and police were not called.","7, 8, 9",37.781393,-122.462318,040100,3003,3,33.6,1348,416,19,645,198,70,121397
B,11/15/21,2:20 AM,2021,Jaguar,I-Pace,40th Ave and Noriega Street,San Francisco,San Francisco,94122,Stopped in Traffic,Moving,2,Moderate,Autonomous,Clear,Dark - Street Lights,Dry,No Unusual Conditions,Stopped,Proceeding Straight,Rear End,Mid-Sized Car,Street,Vehicle 2,0,None,"On November 15,2021 at 2.20 AM PST a Waymo Autonomous Vehicle (""Waymo AV"") operating in San Francisco, CA was in collision involving a passenger vehicle at Noriega Street at 4Oth Avenue. The Waymo AV was stopped at a stop sign at Noriega Street at 4Oth Avenue when passenger vehicle made contact with the rear of the Waymo AV. At the time of the impact, the Waymo AV's Level 4 ADS was engaged in autonomous mode, and a test driver was present (in the driver' s seating position) The Waymo AV's rear bumper and undercarriage sustained moderate damage, and the passenger vehicle'$ front bumper and hood sustained moderate damage.","7, 8, 9",37.753248,-122.498972,035102,3004,3,,,,,,,0,
C,11/15/21,8:44 AM,2020,Chevrolet,Bolt,4485 I7th St,San Francisco,San Francisco,94114,Stopped in Traffic,Moving,2,None,Autonomous,Clear,Daylight,Dry,No Unusual Conditions,Stopped,Slowing/Stopping,Rear End,Mid-Sized Car,Intersection,Vehicle 2,0,None,"A Cruise autonomous vehicle (""Cruise A V"") operating in supervised autonomous mode, was at a complete stop in response to a stop sign on westbound [7th Street at the intersection with Roosevelt Another vehicle approaching from the rear made contact with the Cruise AV's rear bumper: There were no injuries and police were not called. The Cruise AV test operator later mentioned neck pain: Way.","7, 8",37.77472,-122.405119,018000,4002,4,40.7,895,436,89,201,99,70,250001
B,11/20/21,11:11 AM,2021,Jaguar,I-Pace,Steiner Street and Post Street,San Francisco,San Francisco,94115,Stopped in Traffic,Moving,2,Minor,Conventional,Clear,Daylight,Dry,No Unusual Conditions,Stopped,Xing Into Opposing Lane,Side Swipe,Mid-Sized Car,Street,Vehicle 2,0,None,"On November 20, 2021 at 11:11 AM PST a Waymo Autonomous Vehicle (""Waymo AV"") operating in San Francisco, CA was in a collision involving an SUV on the 1700 block of Steiner Street: The Waymo AV was in autonomous mode and traveling northbound o Steiner Street as it crossed the intersection at Post Street: SUV then turned right from Post Street onto Steiner Street and began closely following the Waymo AV: The Waymo AV test driver then took manual control and stopped the Waymo AV. The SUV then stopped, reversed, and drove around the Waymo AV and made contact with the Waymo AV's driver side rear fender: At the time of the impact the Waymo AV's Level 4 ADS was not engaged and a test driver was operating the Waymo AV in manual mode. The Waymo AV sustained minor damage and the SUV left the scene without exchanging information An",7,37.784943,-122.43473,015500,1004,1,,,,,,,0,
C,11/21/21,2:05 PM,2020,Chevrolet,Bolt,1277 Cayuga St,San Francisco,San Francisco,94112,Moving,Moving,2,Minor,Autonomous,Clear,Daylight,Dry,No Unusual Conditions,Proceeding Straight,Making Left Turn,Side Swipe,Mid-Sized Car,Intersection,Vehicle 2,0,None,"A Cruise autonomous vehicle (""Cruise AV""), operating in supervised autonomous mode, was at a complete stop in response to a red light on] southbound Cayuga Street at the intersection with Geneva Street: As the Cruise AV entered the intersection on green light and continued southbound on Cayuga Street, a Honda Civic traveling northbound on Cayuga Street initiated an unprotected left turn in the intersection: The Cruise AV hard braked but, shortly thereafter, the Honda Civic made contact with the Cruise A V, damaging the back left bumper of the Cruise AV. Police were not called t0 the scene and no injuries were reported.","5, 6",37.718901,-122.44338,026100,2000,2,42.3,2791,104,0,2240,403,44,99531
B,11/25/21,1:31 PM,2021,Jaguar,I-Pace,32nd Avenue and Taraval Street,San Francisco,San Francisco,94116,Moving,None,1,Minor,Conventional,Clear,Daylight,Dry,No Unusual Conditions,Making Right Turn,Unknown,Hit Object,Mid-Sized Car,Street,Vehicle 1,0,None,"On November 25, 2021 at 1.31 PM PST a Waymo Autonomous Vehicle (""Waymo AV"") operating in San Francisco, CA made contact with curb at 32nd Avenue and Taraval Street While in manual mode, the Waymo AV test driver was completing a right turn northbound 32nd Avenue onto eastbound Taraval Street when the Waymo AV's passenger side rear tire made contact with the curb at the corner of the intersection: At the time of the impact, the Waymo AV's Level 4 ADS was not engaged and a test driver was operating the Waymo AV in manual mode. The Waymo AV'$ passenger side rear tire and wheel sustained minor damage.",11,37.742436,-122.48962,033001,2004,2,,,,,,,0,
B,11/26/21,8:02 PM,2021,Jaguar,I-Pace,"Scotia Ave, Thornton Ave, and Bridgeview Dr",San Francisco,San Francisco,94124,Stopped in Traffic,Moving,2,Minor,Autonomous,Clear,Dark - Street Lights,Dry,No Unusual Conditions,Stopped,Making Left Turn,Side Swipe,Mid-Sized Car,Intersection,Vehicle 2,0,None,"On November 26,2021 at 8.02 PM PST a Waymo Autonomous Vehicle (""Waymo AV' operating in San Francisco, CA was in a collision involving a passenger vehicle at Scotia Avenue; Thornton Avenue, and Bridgeview Drive. The Waymo AV was traveling southbound on Scotia Avenue, a narrow road with vehicles parked on both sides, and approaching the intersection with Thornton Avenue and Bridgeview Drive. A passenger vehicle approaching the right of the Waymo AV on eastbound Thornton Avenue made a left turn in front of the Waymo AV to head northbound on Scotia Avenue The Waymo AV slowed to a near and nudged to its right in order to share the narTow road with the oncoming vehicle and then came to a stop at the stop sign as the oncoming vehicle completed its turn At approximately 5 mph, the turning passenger vehicle made contact with Waymo AV's sensor hardware housing on the driver side rear corner fender of the stopped Waymo AV. At the time of the impact, the Waymo AV's Level 4 ADS was engaged in autonomous mode, and a test driver was present (in the driver seating position) The Waymo AV sustained minor damage to the sensor hardware housing (which was the reason for towing the Waymo AV) and the passenger vehicle left the scene without exchanging information. from stop",6,37.733278,-122.397689,023003,2000,2,,,,,,,0,
B,11/28/21,6:08 PM,2021,Jaguar,I-Pace,Street and Franklin StreetClay,San Francisco,San Francisco,94109,Stopped in Traffic,Moving,2,Minor,Autonomous,Clear,Dark - Street Lights,Dry,No Unusual Conditions,Stopped,Proceeding Straight,Rear End,Mid-Sized Car,Street,Vehicle 2,0,None,"On November 28,2021 at 6:08 PM PST a Waymo Autonomous Vehicle (""Waymo AV"") operating in San Francisco, CA was in a collision involving a passenger vehicle at Clay Street at Franklin Street: The Waymo AV was stopped at a red light on eastbound Street at Franklin Street when a passenger vehicle struck the Waymo AV'$ rear bumper_ At the time of the impact, the Waymo AV's Level 4 ADS was engaged in autonomous mode, and a test driver was present (in the driver'$ seating position). The Waymo AV'$ rear bumper sustained damage, and the passenger vehicle's front bumper sustained damage. Clay",7,37.802997,-122.426565,012901,2005,2,,,,,,,0,
B,11/30/21,12:21 PM,2021,Jaguar,I-Pace,10 block of Castro Street,San Francisco,San Francisco,94117,Moving,Stopped in Traffic,2,Minor,Conventional,Clear,Daylight,Dry,No Unusual Conditions,Proceeding Straight,Parked,Side Swipe,Mid-Sized Car,Street,Vehicle 1,0,None,"On November 30,2021 at 12:2lpm PM PST a Waymo Autonomous Vehicle (""Waymo AV"") operating in San Francisco, CA was in a collision involving an SUV on the 10 block of Castro Street: As the Waymo AV test driver drove the Waymo AV in manual mode on southbound Castro Street between Waller Street and Lloyd Street, the passenger side mirTror of the Waymo AV made contact with a parked SUV. At the time of the impact, the Waymo AV's Level 4 ADS was not engaged and a test driver was operating the Waymo AV in manual mode. The Waymo AV sustained damage to its passenger side rearview mirror.",14,37.769079,-122.443882,017101,3001,3,,,,,,,0,
C,12/1/21,5:22 PM,2020,Chevrolet,Bolt,900 Laguna St,San Francisco,San Francisco,94115,Moving,Moving,2,Minor,Autonomous,Clear,Dark - Street Lights,Unknown,No Unusual Conditions,Stopped,Making Right Turn,Rear End,Mid-Sized Car,Street,Vehicle 2,0,None,"A Cruise autonomous vehicle (""Cruise AV""), operating in supervised autonomous mode, was at a complete stop in response to a red light onf southbound Laguna Street at the intersection with McAllister Street Another vehicle approaching from the rear made contact with the Cruise AV's rear bumper, damaging the rear right bumper: The driver of the other vehicle left the scene without exchanging information. There were no injuries and police were not called.",9,37.779108,-122.426829,016102,2005,2,44.9,2152,177,1225,341,325,84,20512