Company,Date,Time,Vehicle 1 Year,Vehicle Make,Vehicle Model,Address,City,County,Zip Code,Vehicle 1 Status,Vehicle 2 Status,Vehicles Involved,Describe Veh Damage,Mode,Weather,Lighting,Roadway Surface,Roadway Condition,Mov Proceed Col Veh 1,Mov Proceed Col Veh 2,Collision Type,Vehicle type,Location,Fault,Number of injuries,Injuries,Description,Damaged Area,Latitude,Longitude,Census Tract Code,Census Block Code,Census Block Group,Median Age,Population,White,Black,Asian,Hispanic,Other,Median Income
C,4/9/22,1:55 AM,2020,Cruise,AV,1798 Sacramento St,San Francisco,San Francisco,94109,Moving,Moving,2,Minor,Autonomous,Clear,Dark - Street Lights,Dry,No Unusual Conditions,Slowing/Stopping,Making Right Turn,Rear End,Mid-Sized Car,Intersection,Vehicle 2,0,None,"A Cruise autonomous vehicle (""Cruise AV""), operating in driverless autonomous mode, was stopped at a red light on northbound Van Ness Avenue at the intersection with Sacramento Street_ The Cruise AV entered the intersection on a green light and continued straight through the intersection before braking and coming to complete stop near the end of the intersection. At the same time, a Toyota Sedan on westbound Sacramento Street began was making an unprotected right turn 0n red light onto northbound Van Ness Avenue behind the Cruise AV. Shortly thereafter; the Toyota Sedan rear-ended the Cruise AV and made contact with the Cruise AV's rear bumper, damaging the rear right bumper: The driver of the other vehicle left the scene without exchanging information. There were no injuries and a police report was later filed:","9, 10",37.791437,-122.422194,011101,1001,1,42.8,813,305,42,376,40,50,99519
Pony.ai,4/11/22,9:00 AM,2020,Hyundai,Kona EV,301 Ranch Dr,Milpitas,Santa Clara,95035,Stopped in Traffic,Moving,2,Minor,Autonomous,Raining,Daylight,Wet,No Unusual Conditions,Stopped,Backing,Rear End,Mid-Sized Car,Street,Vehicle 2,0,None,"On April 11,2022, while in supervised (""Drivered"" autonomous mode, a Pony.ai Autonomous Vehicle was parked in parking lot when a passenger vehicle reversed into the Pony.ai vehicle. The Pony.ai vehicle sustained minor damage to the driver'$ side rear There were no injuries Or other property damage, the were not called to the scene; and the Pony.ai vehicle was driven back to Pony.ai'$ Fremont facility. door. police","4, 5",37.430883,-121.922055,504602,1122,1,33.1,2325,378,37,293,1525,49,110536
B,4/11/22,10:36 PM,2021,Jaguar,I-Pace,Townsend St and Embarcadero,San Francisco,San Francisco,94107,Stopped in Traffic,Moving,2,Minor,Conventional,Clear,Dark - Street Lights,Dry,No Unusual Conditions,Stopped,Passing Other Vehicle,Side Swipe,Two-Wheels,Street,Vehicle 2,0,None,"On April 11,2022 at 10.36 PM PST a Waymo Autonomous Vehicle (""Waymo AV"") operating in San Francisco, California was in a collision involving a SUV on Townsend Street and Embarcadero. While traveling southwest on Townsend Street in manual mode, the Waymo AV test driver approached double-parked vehicle blocking traffic_ The Waymo AV test driver pulled behind the double-parked vehicle. At this time, a SUV following closely behind the Waymo AV passed the Waymo AV on the left side, making contact with the rear left sensor of the Waymo AV. The SUV left the scene. At the time of the impact, the Waymo AV's Level 4 ADS was not engaged and a test driver was operating the Waymo AV in manual mode. The Waymo AV sustained minor damage.",6,37.78224,-122.388379,061508,1003,1,,,,,,,0,
B,4/13/22,2:53 PM,2021,Jaguar,I-Pace,Jerrold Avenue at Bayshore Blvd,San Francisco,San Francisco,94124,Moving,Moving,2,Minor,Conventional,Clear,Daylight,Dry,No Unusual Conditions,Slowing/Stopping,Proceeding Straight,Rear End,Mid-Sized Car,Street,Vehicle 2,1,Reported minor discomfort but did not require medical attention ,"On April 13,2022 at 2.53 PM PST a Waymo Autonomous Vehicle (""Waymo AV"") operating in San Francisco, California was in a collision involving pickup truck on Bayshore Boulevard at Jerrold Avenue The Waymo AV was traveling in autonomous mode in the slip lane on northbound Jerrold Avenue at Bayshore Boulevard_ As the Waymo AV slowed to yield to pedestrian pushing a shopping cart in crosswalk; the Waymo AV test driver transitioned to manual mode and stopped the Waymo AV. The Waymo AV test driver then proceeded forward but had to yield to approaching traffic in the merge between northbound Jerrold Avenue and northbound Bayshore Boulevard. As the Waymo AV came to a stop, a pickup truck traveling behind the Waymo AV then made contact with the rear of the Waymo AV. At the time of the impact, the Waymo AV's Level 4 ADS was not engaged and a test driver was operating the Waymo AV in manual mode. Both vehicles sustained minor damage.",8,37.742504,-122.395801,980900,1033,1,32.5,296,82,16,169,10,19,137750
C,4/16/22,11:21 PM,2020,Cruise,AV,1460 Pine St,San Francisco,San Francisco,94109,Moving,Moving,2,Minor,Autonomous,Clear,Dark - Street Lights,Dry,No Unusual Conditions,Proceeding Straight,Changing Lanes,Side Swipe,Mid-Sized Car,Intersection,Vehicle 2,0,None,"A Cruise autonomous vehicle (""Cruise AV""), operating in driverless autonomous mode, was traveling in the rightmost lane o westbound Pine Street between Polk Street and Larkin Street. white Lexus traveling in the middle lane of westbound Pine Street alongside the Cruise] AV attempted to change into the rightmost lane in which the Cruise AV was traveling: Shortly thereafter, the white Lexus made contact with the left rear door of the Cruise AV, damaging the Cruise AV's left rear door: The driver of the other vehicle left the scene without exchanging information. There were no injuries and a police report was later filed.","5, 6",37.789986,-122.419877,011102,1002,1,35.4,1146,542,54,427,18,105,98984
C,4/17/22,12:13 AM,2022,Cruise,AV,3289 Mission St,San Francisco,San Francisco,94110,Moving,Moving,2,Minor,Autonomous,Clear,Dark - Street Lights,Dry,No Unusual Conditions,Slowing/Stopping,Proceeding Straight,Rear End,Two-Wheels,Intersection,Vehicle 2,0,None,"A Cruise autonomous vehicle (""Cruise operating in supervised autonomous mode, was traveling southbound on Mission street toward the intersection with 29th Street_ As it approached the intersection, the Cruise A V began to brake in response to red light when Honda Civic traveling behind the Cruise AV made contact with the rear bumper of the Cruise AV, damaging the Cruise AV'$ rear fascia and rear right sensor: The driver of the other vehicle left the scene without exchanging information: There were no injuries and police report was later filed. AV"")","7, 8",37.744182,-122.42047,025300,4003,4,34.5,1872,540,14,285,850,183,155563
B,4/18/22,8:14 AM,2021,Jaguar,I-Pace,Sth Street and Bryant Street,San Francisco,San Francisco,94107,Stopped in Traffic,Moving,2,Minor,Autonomous,Clear,Daylight,Dry,No Unusual Conditions,Stopped,Proceeding Straight,Rear End,Truck/Bus,Street,Vehicle 2,0,None,"On April 18, 2022 at 8.14 AM PST a Waymo Autonomous Vehicle (""Waymo AV"") operating in San Francisco, California was in a collision involving a passenger vehicle on Bryant Street and Sth Street_ The Waymo AV was stopped at a red light facing northeast on Bryant Street in autonomous mode: While the light was still red, a passenger vehicle that had been stopped behind the Waymo AV began to move forward and made contact with the rear of the Waymo AV. At the time of the impact, the Waymo AV's Level 4 ADS was engaged in autonomous mode, and a test driver was present (in the driver's seating position). The Waymo AV sustained minor damage.","7, 8, 9",37.76046,-122.399724,022704,3001,3,,,,,,,0,
B,4/18/22,2:31 AM,2021,Jaguar,I-Pace,200 block of Duboce Avenue,San Francisco,San Francisco,94103,Moving,None,1,Minor,Autonomous,Clear,Dark - Street Lights,Dry,No Unusual Conditions,Other,Unknown,Other,None,Parking,Vehicle 1,0,None,"On April 18, 2022 at 2.31 AM PST a Waymo Autonomous Vehicle (""Waymo AV') operating in San Francisco, CA made contact with a parking lot driveway 0n the 200 block of Duboce Avenue: The Waymo AV was traveling westbound on Duboce Avenue in autonomous mode when it approached a parking lot o the left side of the street. As the Waymo AV turned left and into the parking the Waymo AV's undercarriage made contact with the driveway pavement (the AV did not contact any vehicle Or road user). At the time of the contact, the Waymo AV's Level 4 ADS was engaged in autonomous mode, and a test driver was present (in the driver s seating position) The Waymo AV sustained minor undercarriage damage. lot;","5, 11",37.775678,-122.412131,017803,1000,1,,,,,,,0,
A,4/22/22,5:50 PM,2016,Toyota,Highlander,Mason St. and Ellis St. Intersection,San Francisco,San Francisco,94102,Moving,Moving,2,Minor,Autonomous,Clear,Daylight,Dry,No Unusual Conditions,Proceeding Straight,Changing Lanes,Rear End,Mid-Sized Car,Intersection,Vehicle 2,1,Driver of the other vehicle was transported from the scene by first responders with injuries,"Zoox vehicle in autonomous mode was proceeding straight through the intersection of Mason St and Ellis St. when it was rear-ended by passenger vehicle that was switching lanes and made contact with the Zoox vehicle's sensors  The other party left the scene. The police were not called, and there were no injuries.","7, 8, 9",37.785283,-122.409498,012301,3003,3,,,,,,,0,
B,4/24/22,4:36 PM,2021,Jaguar,I-Pace,Lincolnat 17th AvenueWay,San Francisco,San Francisco,94122,Stopped in Traffic,Moving,3,Minor,Autonomous,Clear,Daylight,Dry,No Unusual Conditions,Stopped,Slowing/Stopping,Rear End,Compact Car,Street,Vehicle 2,0,None,"On April 2022 at 4.36 PM PST a Waymo Autonomous Vehicle (""Waymo AV"") operating in San Francisco, California was in a collisionf involving an SUV on Lincoln at ] 7th Avenue_ The Waymo AV was in autonomous mode and traveling on westbound Lincoln when it slowed for the vehicle directly in front of the Waymo AV which stopped shortly after passing 17th Avenue. Shortly after the Waymo AV came to stop, the SUV behind the Waymo A was rear-ended by a pickup truck, and the SUV then made contact with the rear of the Waymo AV. At the time of the impact, the Waymo AV's Level 4 ADS was engaged in autonomous mode, and a test driver was present (in the driver s seating position). Both vehicles sustained minor damage. 24, Way Way,",9,37.761179,-122.475732,030201,3007,3,,,,,,,0,
C,4/24/22,3:35 AM,2020,Cruise,AV,1225 Steiner,San Francisco,San Francisco,94115,Moving,Moving,2,Minor,Autonomous,Clear,Dark - Street Lights,Dry,No Unusual Conditions,Slowing/Stopping,Proceeding Straight,Rear End,Mid-Sized Car,Intersection,Vehicle 2,0,None,"A Cruise autonomous vehicle (""Cruise AV'), operating in driverless autonomous mode, was traveling northbound on Steiner Street toward the intersection with Eddy Street_ The Cruise AV began to brake for the stop sign on Steiner Street at the intersection with Eddy Street when] a white BMW traveling behind the Cruise AV made contact with the rear driver side bumper of the Cruise AV, damaging the Cruise AV's rear fascia. The driver of the other vehicle left the scene without exchanging information. There were no injuries and police report was later filed.","7, 8, 9",37.780648,-122.434699,015801,3000,3,43.3,1367,483,208,474,162,40,81111
C,4/25/22,11:21 PM,2020,Cruise,AV,1798 Sacramento St,San Francisco,San Francisco,94109,Stopped in Traffic,None,2,Moderate,Autonomous,Clear,Dark - Street Lights,Dry,No Unusual Conditions,Stopped,Traveling Wrong Way,Head On,Mid-Sized Car,Intersection,Vehicle 2,0,None,"A Cruise autonomous vehicle (""Cruise AV""), operating in driverless autonomous mode, was stopped at a red light on westbound Sacramento Street at the intersection with Van Ness Avenue. The Cruise AV began to proceed straight after the light turned green. At the same time, a silver Hyundai Sedan was traveling the wrong way (eastbound) on one-way section of Sacramento Street between Franklin Street and Van Avenue. The silver Hyundai Sedan entered the intersection across the Cruise AV and the Cruise AV came to full stop. The silver Hyundai Sedan continued traveling the wrong way through the intersection with Van Ness Avenue and, shortly thereafter, made contact with the Cruise AV, damaging the front fascia assembly and various components on the front of the Cruise AV. The driver of the silver Hyundai Sedan left the scene without exchanging information: The Cruise AV was towed from the scene. There were no injuries and police report was later filed: Ness from","1, 15, 16, 17, 18, 19",37.791437,-122.422194,011101,1001,1,42.8,813,305,42,376,40,50,99519
B,4/26/22,1:19 PM,2021,Jaguar,I-Pace,Folsom Street at Mabini Street,San Francisco,San Francisco,94103,Stopped in Traffic,Moving,1,Minor,Conventional,Clear,Daylight,Dry,No Unusual Conditions,Stopped,Unknown,Other,Truck/Bus,Street,Vehicle 1,0,None,"On April 26,2022 at 1:19 PM PST a Waymo Autonomous Vehicle (""Waymo AV"") operating in San Francisco, California was in a collision involving a cyclist on Folsom Street at Mabini Street While completing a right turn Folsom Street onto Mabini Street in manual mode, the test driver slowed to yield to a cyclist approaching from the right The made contact with the right front fender of the Waymo AV after the Waymo had come to a stop. At the time of the impact, the Waymo AVs Level 4 ADS was not engaged and a test driver was operating the Waymo AV in manual mode_ The Waymo AV sustained minor damage. from cyclist",15,37.782644,-122.400374,017801,3002,3,,,,,,,0,
A,4/28/22,3:28 PM,2016,Toyota,Highlander,Colin P. Kelly St and Brannan St. Intersection,San Francisco,San Francisco,94107,Moving,None,2,None,Conventional,Clear,Daylight,Dry,No Unusual Conditions,Backing,Stopped,Rear End,Mid-Sized Car,Street,Vehicle 2,0,None,"A Zoox vehicle in autonomous mode came to a complete stop at the T-junction stop sign at Colin P. Kelly Jr: St. and Brannan St. and yielded to oncoming traffic from the left: Due to traffic the driver then disengaged autonomous mode and reversed, making contact with vehicle that had approached from the rear and was attempting to pass the Zoox vehicle to make a right turn. There were no injuries and the police were not called. flow;",0,37.783152,-122.390424,061508,1000,1,,,,,,,0,
B,4/29/22,6:37 AM,2021,Jaguar,I-Pace,Sacramento Street at Polk Street,San Francisco,San Francisco,94109,Moving,Moving,2,Minor,Conventional,Clear,Daylight,Dry,No Unusual Conditions,Proceeding Straight,Entering Traffic,Broadside,Mid-Sized Car,Intersection,Vehicle 2,0,None,"On April 29,2022 at 6.37 AM PST a Waymo Autonomous Vehicle (""Waymo AV"") operating in San Francisco, California was in a collision involving a pickup truck on Sacramento Street at Polk Street The Waymo AV was proceeding straight in manual in the left lane of Sacramento Street one-way street). After passing through the Polk Street intersection, a parked pickup truck 0 the left side of Sacramento Street pulled out of the parked position and made contact with the front left fender of the passing Waymo AV. At the time of the impact, the Waymo AV's Level 4 ADS was not engaged and a test driver was operating the Waymo AV in manual mode. Both vehicles sustained minor damage.","1, 2",37.791495,-122.420873,011101,1002,1,,,,,,,0,
B,4/30/22,8:40 PM,2021,Jaguar,I-Pace,24th Street and Guerrero Street,San Francisco,San Francisco,94110,Moving,Moving,2,Minor,Conventional,Clear,Dark - Street Lights,Dry,No Unusual Conditions,Backing,Parked,Other,None,Street,Vehicle 1,0,None,"On April 30,2022 at 8:40 PM PST a Waymo Autonomous Vehicle (""Waymo AV"") operating in San Francisco, California was in a collision involving a passenger vehicle on 24th Street just past Guerrero Street. The Waymo AV was in manual mode and parallel parked to the curb on westbound 24th Street when another passenger vehicle pulled up behind the Waymo AV. The Waymo AV test driver reversed to exit the parking location shortly after the other passenger vehicle arrived and the Waymo AV made contact with the passenger vehicle behind it. At the time of the impact, the Waymo AV's Level 4 ADS was not engaged and a test driver was operating the Waymo AV in manual mode Both vehicles sustained minor damage.","7, 8, 9",37.751971,-122.422879,021000,3003,3,,,,,,,0,
B,5/4/22,1:26 PM,2021,Jaguar,I-Pace,175 Bayshore Boulevard,San Francisco,San Francisco,94124,Stopped in Traffic,Moving,2,Minor,Autonomous,Clear,Daylight,Dry,No Unusual Conditions,Stopped,Proceeding Straight,Rear End,Mid-Sized Car,Intersection,Vehicle 2,0,None,"On 4,2022 at 1.26 PM PST a Waymo Autonomous Vehicle (""Waymo AV' operating in San Francisco, California was in a collision involving passenger vehicle at the northbound merge lane on the 100 block of Bayshore Boulevard. While attempting a merge onto northbound Bayshore Boulevard from southbound Bayshore Boulevard, the Waymo AV came to a stop to for approaching traffic on the right  While stopped, a vehicle approached from behind and made contact with the rear bumper of the Waymo V At the time of the impact, the Waymo AV's Level 4 ADS was engaged in autonomous mode, and a test driver was present (in the driver seating position) The Waymo AV sustained minor damage. May yield",9,37.745604,-122.403373,980900,1031,1,32.5,296,82,16,169,10,19,137750
B,5/11/22,9:19 AM,2021,Jaguar,I-Pace,24th Street and Capp Street,San Francisco,San Francisco,94110,Moving,Moving,2,Minor,Conventional,Clear,Daylight,Dry,No Unusual Conditions,Making Right Turn,Passing Other Vehicle,Side Swipe,Compact Car,Intersection,Vehicle 2,0,None,"On 11,2022 at 9:19 AM PST a Waymo Autonomous Vehicle (""Waymo AV') operating in San Francisco, California was in a collision  involving SUV on 24th Street and Street_ The Waymo AV was attempting to make a right turn from 24th Street onto Capp Street while yielding to pedestrian in the adjacent crosswalk in autonomous mode. A SUV approaching from behind the Waymo AV passed on the left side, making contact with the Waymo AV's rear left sensor housing: The Waymo AV operator transitioned the from autonomous to manual mode just before the moment of impact: The SUV immediately left the scene. At the time of the impact, the Waymo AV's Level 4 ADS was not engaged and a test driver was operating the Waymo AV in manual mode: The Waymo AV sustained minor damage. May Capp system",6,37.752306,-122.417358,020900,1006,1,,,,,,,0,
C,5/13/22,4:37 AM,2020,Cruise,AV,1699 Pine St,San Francisco,San Francisco,94109,Stopped in Traffic,Moving,2,Minor,Autonomous,Clear,Dark - Street Lights,Dry,No Unusual Conditions,Stopped,Proceeding Straight,Rear End,Two-Wheels,Street,Vehicle 2,0,None,"A Cruise autonomous vehicle (""Cruise A operating in supervised autonomous mode, was at a complete stop in response to a red light o  westbound Pine Street at the intersection with Franklin Street. A black BMW approaching from the rear made contact with the Cruise AV's rear bumper, damaging the Cruise AV's rear bumper. The driver of the other vehicle left the scene without exchanging information. The two Cruise AV operators in the Cruise AV later reported back injuries. Police were not called: V"");","7, 8, 9",37.789055,-122.423411,015100,2002,2,52.1,994,615,2,322,30,25,175647
D,5/17/22,4:20 PM,2020,HYUNDAI,IONIQ 5,4TH AV BIW BROOKS CT & BROADWAY ST,Venice,Los Angeles,90291,Moving,Moving,2,Minor,Conventional,Clear,Daylight,Dry,No Unusual Conditions,Slowing/Stopping,Proceeding Straight,Side Swipe,Mid-Sized Car,Street,Vehicle 2,0,None,"The Motional vehicle was traveling on 4th between Brooks Ct and Broadway St; in Venice, CA in manual mode in the sole northbound lane_ While navigating the narrow two-lane, unstriped road, the safety driver slowed the vehicle to 1.Smph to allow driver coming in the opposite direction to navigate past the Motional vehicle. The other vehicle's driver side mirror made contact with the Motional vehicle's driver side wing mirror and LIDAR casing, causing cosmetic damage. The safety driver pulled the vehicle to the side of the road and exchanged information with the driver of the other vehicle. There was one other vehicle involved, minor cosmetic damage to the Motional vehicle, minor cosmetic damage to the third-party vehicle, and no injuries occurred due to the incident. Ave; wing",2,34.015084,-118.493593,701902,2013,2,,,,,,,0,
Pony.ai,5/17/22,3:00 PM,2021,Hyundai,Kona EV,30407 Arroyo Dr,Irvine,Orange County,92617,Moving,Moving,2,None,Autonomous,Clear,Daylight,Unknown,No Unusual Conditions,Proceeding Straight,Backing,Rear End,Compact Car,Street,Vehicle 2,0,None,"On 17,2022, a passenger vehicle reversed out of a parking spot into ai autonomous testing vehicle's rear bumper: At the time of the collision, the Pony.ai vehicle was operating in autonomous mode with a safety operator in the driver' s seat and was moving at a low speed:  The Ponyai vehicle did not sustain any damage. There were no injuries O property damage, the police were not called to the scene, and a Pony.ai employee drove the ai vehicle back to Pony.ai's Irvine facility. May Pony. Pony.=",0,33.645351,-117.824651,062614,4002,4,20.6,3747,961,180,1194,1241,171,8849
B,5/17/22,1:26 PM,2021,Jaguar,I-Pace,Stanyan Street and McAllister Street,San Francisco,San Francisco,94118,Moving,Moving,2,Minor,Autonomous,Clear,Daylight,Dry,No Unusual Conditions,Slowing/Stopping,Proceeding Straight,Rear End,Truck/Bus,Parking,Vehicle 1,0,None,"On 17,2022 at 1:26 PM PST a Waymo Autonomous Vehicle (""Waymo AV"") operating in San Francisco, California was in a collision involving passenger car on Stanyan Street at McAllister Street. The Waymo AV was proceeding south on Stanyan Street in autonomous mode, and preparing to make a left turn onto McAllister Street: As the Waymo AV entered the intersection, it slowed to yield to northbound traffic o Stanyan Street: A passenger car approached from behind and made contact with the rear of the Waymo AV. At the time of the impact, the Waymo AV's Level 4 ADS was engaged in autonomous mode, and a test driver was present (in the driver s seating position). Both vehicles sustained minor damage. May",8,37.775684,-122.454847,015600,2003,2,,,,,,,0,
Mercedes,5/19/22,3:05 PM,2021,Mercedes,S CLASS,710 Sand Atlantic BlvdFwy,Commerce,Los Angeles,90040,Moving,Moving,2,Minor,Autonomous,Cloudy,Daylight,Dry,No Unusual Conditions,Proceeding Straight,Proceeding Straight,Rear End,Compact Car,Street,Vehicle 2,1,Driver of the Honda Civic later claimed injuries related to the event,"While departing from a standstill in heavy traffic with L3 ADS engaged, the subject Mercedes-Benz vehicle was struck in the rear bumper by a large semi-truck No injuries were reported  The contact from the truck resulted in two minor scratches and two indentations on the rear bumper of the subject Mercedes-Benz The driver of the truck did not over after the collision and departed the scene. After a police report was initiated, the subject Mercedes-Benz drove away the incident location. Further inspection of the vehicle revealed no additional damage beyond the cosmetic dents and surface scratches on the Mercedes-Benz. pull from","7, 9",33.990863,-118.153153,532304,2034,2,,,,,,,0,
A,5/20/22,1:30 PM,2016,Toyota,Highlander,Folsom St. near Essex St:,San Francisco,San Francisco,94105,Stopped in Traffic,Moving,2,Minor,Autonomous,Clear,Daylight,Dry,No Unusual Conditions,Stopped,Proceeding Straight,Rear End,Pedestrian ,Street,Vehicle 1,0,None,A Zoox vehicle in autonomous mode was stopped on Folsom Street facing Essex Street; when passenger vehicle from behind made contact with its rear sensors at low speed. The police were not called and there were no injuries.,8,37.787746,-122.393635,061506,3000,3,34.8,1273,589,0,621,63,0,250001
B,5/21/22,10:03 AM,2021,Jaguar,I-Pace,Coleridge Street at CosoAvenue,San Francisco,San Francisco,94110,Stopped in Traffic,Moving,2,Minor,Conventional,Clear,Daylight,Dry,No Unusual Conditions,Stopped,Making Right Turn,Side Swipe,Two-Wheels,Intersection,Vehicle 2,0,None,"On 21,2022 at 10.03 AM PST a Waymo Autonomous Vehicle (""Waymo AV"") operating in San Francisco, CA was in a collision involving an SUV on Coleridge Street at Coso Avenue. The Waymo AV was parked on the right side of the road, facing northbound Coleridge Street: An SUV passed the Waymo AV in the traffic lane to the left of the Waymo A V and began shifting to the right as it approached Coso Avenue The right side of the SUV made contact with the front left sensor of the stationary Waymo AV. At the time of the impact, the Waymo AV's Level 4 ADS was not engaged and a test driver was operating the Waymo AV in manual mode. Both vehicles sustained minor damage. May",1,37.74259,-122.420597,025300,3005,3,34.4,740,368,0,73,281,18,130375
C,5/25/22,8:42 PM,2022,Cruise,AV,135 Drumm St,San Francisco,San Francisco,94111,Stopped in Traffic,Moving,2,None,Conventional,Clear,Dark - Street Lights,Dry,No Unusual Conditions,Stopped,Proceeding Straight,Rear End,Two-Wheels,Street,Vehicle 2,1,Cyclist fell to the ground and sustained injuries. Police and Emergency Medical Services (EMS) were called.,"A Cruise autonomous vehicle (""Cruise AV""), operating in manual mode, was at a complete in response to a red light on southbound Drumm Street between Clay Street and Sacramento Street: A Ford Mustang approaching the rear made contact with the Cruise AV's rear bumper_ The Cruise AV operator reported injuries There were no damages reported and the police were not called stop from",0,37.794968,-122.396501,010500,2002,2,37.6,1055,661,18,253,35,88,209871
B,5/27/22,1:16 AM,2021,Jaguar,I-Pace,Bush Street at Stockton Street,San Francisco,San Francisco,94108,Stopped in Traffic,Moving,2,Minor,Autonomous,Clear,Dark - Street Lights,Dry,No Unusual Conditions,Stopped,Slowing/Stopping,Rear End,Truck/Bus,Street,Vehicle 2,0,None,"On 27th, 2022 at 1:l6AM PST a Waymo Autonomous Vehicle (~Waymo AV"") operating in San Francisco, California was in a collision involving a motorcycle on Bush Street at Stockton Street: While the Waymo AV was stopped at a red light on eastbound Bush in the rightmost lane, a motorcycle approached the Waymo AV behind and the front of the motorcycle made contact with the rear of the Waymo AV. At the time of the impact, the Waymo AV's Level 4 ADS was engaged in autonomous mode, and a test driver was present (in the driver's seating position). Both vehicles sustained minor damage. May from",7,37.790366,-122.407149,011700,3000,3,,,,,,,0,
A,5/31/22,12:50 PM,2016,Toyota,Highlander,1Oth Street and Folsom Street Intersection,San Francisco,San Francisco,94103,Stopped in Traffic,None,2,Minor,Conventional,Clear,Daylight,Dry,No Unusual Conditions,Proceeding Straight,Proceeding Straight,Rear End,Mid-Sized Car,Street,Vehicle 2,0,None,"A Zoox vehicle in manual mode was stopped at a red traffic light on Folsom Street facing 1Oth Street_ When the light turned green, the Zoox vehicle proceeded forward, and the passenger vehicle behind the Zoox vehicle made contact with the Zoox vehicle's tailgate and rear sensors. There were no injuries, and the police were not called.",8,37.787298,-122.394481,061506,1003,1,,,,,,,0,
A,6/1/22,1:02 PM,2016,Toyota,Highlander,Hlth Street and Harrison Street Intersection,San Francisco,San Francisco,94133,Stopped in Traffic,Moving,2,Minor,Autonomous,Clear,Daylight,Unknown,No Unusual Conditions,Stopped,Proceeding Straight,Rear End,None,Street,Vehicle 1,0,None,A Zoox vehicle in autonomous mode was stopped at a red traffic signal at the intersection of Harrison and Hth Streets in San Francisco with its left turn signal engaged. A the traffic signal changed to green and while waiting for an opening to turn left onto Harrison Street; the Zoox vehicle was struck by a passenger vehicle from behind. The driver of that passenger vehicle stated that he was using his phone and not paying attention: No police O emergency services were called to the scene_ The Zoox driver; passenger; and rear passenger reported minor injuries for which later sought medical attention. The Zoox vehicle incurred minor damage to its rear sensors_ fter front they,8,37.721381,-122.450304,031202,2001,2,38.4,1826,52,46,1427,240,61,143698
B,6/1/22,7:26 AM,2021,Jaguar,I-Pace,McAllister Street and Franklin Street,San Francisco,San Francisco,94102,Stopped in Traffic,Moving,2,Minor,Autonomous,Clear,Daylight,Dry,No Unusual Conditions,Stopped,Proceeding Straight,Rear End,Compact Car,Street,Vehicle 2,0,None,"On June 1,2022 at 7.26 AM PST a Waymo Autonomous Vehicle (""Waymo AV"") operating in San Francisco, California was in a collision involving an SUV on McAllister Street at Franklin Street_ While the Waymo AV was stopped at a red light on eastbound McAllister Street, an SUV that had previously been stopped behind the Waymo AV rolled forward and made contact with the rear of the Waymo AV. At the time of the impact, the Waymo AV's Level 4 ADS was engaged in autonomous mode, and a test driver was present (in the driver'$ seating position). The Waymo AV sustained minor damage",8,37.77989,-122.421892,016200,2007,2,,,,,,,0,
A,6/1/22,1:15 PM,2016,Toyota,Highlander,"Pacific Ave , Kearny St , Columbus Ave. Intersectio",San Francisco,San Francisco,94133,Moving,Moving,2,Minor,Conventional,Clear,Daylight,Dry,No Unusual Conditions,Proceeding Straight,Proceeding Straight,Broadside,Mid-Sized Car,Reverse,Vehicle 1,0,None,"A Zoox vehicle in autonomous mode was proceeding westbound with the right of way on a green traffic light at the six way intersection of Pacific Keary St , and Columbus Ave-, when person operating an electric scooter ran red light and proceeded northbound into the intersection  The scooter made contact with the left rear quarter panel of the Zoox vehicle, at which time the Zoox vehicle had disengaged autonomous mode. The Zoox vehicle pulled over, and police and emergency services arrived at the scene_ Ave: from",5,37.796535,-122.408534,011300,1000,1,44.5,1691,150,52,1382,74,33,53594
C,6/2/22,1:54 AM,2020,Cruise,AV,1534 Hayes St,San Francisco,San Francisco,94117,Moving,None,1,Minor,Conventional,Clear,Dark - Street Lights,Dry,No Unusual Conditions,Proceeding Straight,Unknown,Head On,Mid-Sized Car,Street,Vehicle 2,0,None,"A Cruise autonomous vehicle (""Cruise AV"") operating in supervised autonomous mode was driving Westbound on Hayes Street between Lyon Street and Baker Street when pedestrian ran in front of the AV. The Cruise AV stopped for the pedestrian and, moments later, the pedestrian began yelling and approaching the Cruise AV_ The Cruise AV operator disengaged the Cruise AV from autonomous mode to leave the scene The Cruise AV operator drove the vehicle forward and maneuvered away from the pedestrian; but the pedestrian continued to approach the Cruise AV and jumped onto the hood of the Cruise AV. The pedestrian fell in front of the Cruise AV and remained there until later fleeing the scene. The injury status of the pedestrian is unknown and a police report was filed:","16, 17, 18",37.77476,-122.441894,016500,1003,1,32.5,1537,919,130,166,212,34,143974