Company,Date,Time,Vehicle 1 Year,Vehicle Make,Vehicle Model,Address,City,County,Zip Code,Vehicle 1 Status,Vehicle 2 Status,Vehicles Involved,Describe Veh Damage,Mode,Weather,Lighting,Roadway Surface,Roadway Condition,Mov Proceed Col Veh 1,Mov Proceed Col Veh 2,Collision Type,Vehicle type,Location,Fault,Number of injuries,Injuries,Description,Damaged Area,Latitude,Longitude,Census Tract Code,Census Block Code,Census Block Group,Median Age,Population,White,Black,Asian,Hispanic,Other,Median Income
A,1/1/23,6:40 PM,2016,Toyota,Highlander,Mason Street and Eddy Street,San Francisco,San Francisco,94102,Moving,Stopped in Traffic,2,Minor,Autonomous,Clear,Dark - Street Lights,Dry,No Unusual Conditions,Proceeding Straight,Parked,Side Swipe,Mid-Sized Car,Intersection,Vehicle 2,0,None,"A Zoox vehicle in autonomous mode was proceeding straight in its lane on Mason Street in San Francisco, CA when an occupant of a parallel parked car (Vehicle 2) abruptly opened its rear passenger side door into the side of the Zoox vehicle, causing minor damage to both vehicles. The Zoox operator disengaged as a result of the contact: There were no injuries and the police were not called.","1,2",37.784348,-122.409309,012503,1002,1,,,,,,,0,
B,1/22/23,5:08 PM,2021,Jaguar,I-Pace,Bayshore Boulevard at Jerrold Avenue,San Francisco,San Francisco,94124,Moving,Moving,2,Moderate,Autonomous,Clear,Daylight,Dry,No Unusual Conditions,Proceeding Straight,Proceeding Straight,Broadside,Compact Car,Street,Vehicle 1,0,None,"On January 22, 2023 at 5.08 PM PST a Waymo Autonomous Vehicle (""Waymo AV"") operating in San Francisco, California was in a collision involving a passenger vehicle on Bayshore Boulevard at Jerrold Avenue. The Waymo AV was traveling north on Bayshore Boulevard when; upon entering the intersection at Jerrold Avenue, a passenger vehicle which had previously been stopped at a red light, proceeded through the red light. The passenger vehicle approached from the left and made contact with the left rear bumper of the Waymo AV_ The other vehicle immediately left the scene of the collision. At the time of the impact, the Waymo AV's Level 4 ADS was engaged in autonomous mode, and a test driver was present (in the driver seating position) Both vehicles sustained damage.",7,37.726178,-122.401537,023300,2003,2,47.8,2491,216,335,1597,291,52,72958
C,1/25/23,6:24 PM,2022,Cruise,AV,1699 13th St,San Francisco,San Francisco,94103,Moving,Moving,2,Minor,Conventional,Clear,Dark - Street Lights,Dry,No Unusual Conditions,Proceeding Straight,Changing Lanes,Side Swipe,Truck/Bus,Street,Vehicle 2,0,None,"A Cruise autonomous vehicle (""Cruise AV'), operating in manual mode, was traveling northbound on 13th Street in the rightmost lane between Folsom Street and South Van Ness Avenue_ At the same time, a Model 3 Tesla traveling in the adjacent center lane alongside the Cruise AV attempted to change lanes in front of the Cruise AV over solid white line into the rightmost lane in which the Cruise AV was traveling: During this maneuver; the Model 3 Tesla made contact with the Cruise AV's driver side rear wheel and wheel well, and driver side rear passenger door, damaging the Tesla' s front passenger side wheel well The parties exchanged information and there were no reported injuries.","5,. 6",37.769964,-122.419644,020101,1008,1,40.5,1424,529,271,192,325,107,94209
A,1/30/23,5:57 PM,2016,Toyota,Highlander,Intersection of Folsom Street and 2nd Street,San Francisco,San Francisco,94107,Stopped in Traffic,Moving,2,Minor,Conventional,Clear,Dark - Street Lights,Dry,No Unusual Conditions,Stopped,Proceeding Straight,Rear End,Two-Wheels,Intersection,Vehicle 2,0,None,"A Zoox vehicle in manual mode was stationary at a red right turn arTOw northeast on Folsom Street with brake lights and right turn signal illuminated, waiting to make a turn onto souttheast Znd Street: Vehicle 2, behind the Zoox vehicle, proceeded and made contact with the left] rear sensor and bumper of the Zoox vehicle There were no injuries and police were not called.",8,37.76046,-122.399724,022704,3001,3,,,,,,,0,
Mercedes,2/2/23,8:25 AM,2021,Mercedes,S Class,605N HWY,SANTA FE SPRINGS,LOS ANGELES,90650,Stopped in Traffic,Moving,2,Minor,Autonomous,Clear,Daylight,Dry,No Unusual Conditions,Stopped,Proceeding Straight,Rear End,Mid-Sized Car,Street,Vehicle 2,0,None,"The subject Mercedes-Benz DRIVE PILOT test vehicle was traveling between 15 20 mph in the #2 northbound lane 0n the 605 Freeway in California in stop and go traffic with the L3 ADS activated by the driver: The vehicle' s ADS determined that a truck traveling in the adjacent lane had a trajectory towards the Drive Pilot' s lane, and so the Mercedes-Benz test vehicle autonomously the brakes to avoid a collision. A applying the brakes and bringing itself to a standstill, the Mercedes-Benz was then struck in the rear bumper by a trailing semi-truck that did not stop in time No injuries were reported, no deployed in either vehicle, and both vehicles were able to be driven the scene of the incident: The Mercedes-Benz vehicle experienced minor damage to the rear bumper, and no damage was observed on the semi-truck at the scene. The CA Traffic Collision Report for the subject incident noted violation of California Vehicle Code 22350 (unsafe for traffic conditions) by the semi-truck in the #2 lane that struck the rear bumper of the Mercedes-Benz. applied fter airbags from speed","7, 8, 9",33.906763,-118.076549,552100,2006,2,,,,,,,0,
A,2/7/23,2:28 PM,2016,Toyota,Highlander,2nd Street and Folsom Street Intersection,San Francisco,San Francisco,94107,Moving,Moving,2,Minor,Autonomous,Clear,Daylight,Unknown,No Unusual Conditions,Making Right Turn,Making Right Turn,Side Swipe,Mid-Sized Car,Intersection,Vehicle 1,0,None,A Zoox vehicle in autonomous mode was making a right turn to travel southwest onto Znd Street from Folsom Street from lane 1 when Vehicle 2 crossed from lane 3 into the Zoox vehicle's lane and made contact with the Zoox vehicle's front sensors before making the right turn_ Vehicle 2 did not stop before leaving the scene. No information was exchanged. There were no injuries and the police were not called,"1, 18, 17",37.785964,-122.397234,061503,1002,1,,,,,,,0,
A,2/8/23,1:27 PM,2016,Toyota,Highlander,Embarcadero between Howard St. and Folsom St:,San Francisco,San Francisco,94105,Stopped in Traffic,Moving,2,Minor,Autonomous,Clear,Daylight,Dry,No Unusual Conditions,Stopped,Proceeding Straight,Rear End,Truck/Bus,Intersection,Vehicle 2,0,None,A Zoox vehicle in autonomy was stopped with brake lights illuminated in traffic southbound on Embarcadero Street towards Folsom Street. When traffic ahead began to move the Zoox vehicle was appropriately following the car ahead at low when it was rear ended by Vehicle #2 at low speed. The other party did not stop to exchange information and left the scene_ There were no injuries and police were not called: speed,8,37.790827,-122.390012,061507,1002,1,,,,,,,0,
Mercedes,2/9/23,3:10 PM,2022,Mercedes,S Class,405FWY SOUTH,GARDENA,LOS ANGELES,90248,Moving,Moving,2,Minor,Conventional,Clear,Daylight,Dry,No Unusual Conditions,Proceeding Straight,Proceeding Straight,Rear End,Truck/Bus,Intersection,Vehicle 2,0,None,"The subject Mercedes-Benz vehicle was driving in stop and go traffic 0n the 405 south freeway in Gardena, California with the L3 ADS activated. The test route selected by the driver in the vehicle's navigation system indicated an upcoming exit, $o the driver began to prepare for a lane change towards the highway exit by deactivating the L3 ADS and activating the turn signal. Once the vehicle was in conventional driving mode, the driver looked for a gap in the adjacent lane to merge towards the exit lane, applied the brakes, and slowed the vehicle down: The SUV following the Mercedes-Benz vehicle did not respond in time to the vehicle's braking and contacted the rear of the Mercedes-Benz approximately 10 seconds after the L3 ADS was deactivated The Mercedes-Benz vehicle experienced minor damage to thef rear bumper_ No injuries were reported, no deployed in either vehicle, and both vehicles were driven from the scene of the incident: airbags","7, 8, 9",33.876482,-118.284077,291220,3002,3,,,,,,,0,
A,2/11/23,6:06 PM,2016,Toyota,Highlander,Sth Street and Jesse Street,San Francisco,San Francisco,94103,Stopped in Traffic,Moving,2,Minor,Autonomous,Clear,Dark - Street Lights,Dry,No Unusual Conditions,Stopped,Proceeding Straight,Rear End,Two-Wheels,Street,Vehicle 2,0,None,A Zoox vehicle in autonomous mode was slowing to a stop with brake lights illuminated behind traffic on northbound Sth Street near Jesse Street when vehicle behind made contact at approximately 1Omph: There were no injuries and police were not called:,8,37.775678,-122.412131,017803,1000,1,,,,,,,0,
B,2/15/23,5:44 AM,2021,Jaguar,I-Pace,North Point Street at Buchanan Street,San Francisco,San Francisco,94123,Moving,None,1,Minor,Autonomous,Clear,Dark - Street Lights,Dry,No Unusual Conditions,Proceeding Straight,Unknown,Hit Object,Compact Car,Intersection,Vehicle 2,0,None,"On February 15,2023 at 5.43 AM PST a Waymo Autonomous Vehicle (""Waymo AV') operating in San Francisco, California was in a collision involving road debris on North Point Street at Buchanan Street: The Waymo AV was proceeding East on North Point Street through the intersection with Buchanan Street when the front of the Waymo AV made contact with cardboard debris. At the time of the impact, the Waymo AV's Level 4 ADS was engaged in autonomous mode: The Waymo AV sustained damage.",17,37.804033,-122.433525,012602,2005,2,,,,,,,0,
Apple,2/21/23,10:15 AM,2016,Lexus,RX 45h,Homestead Rd & Kennewick Dr,Sunnyvale,Santa Clara,94087,Moving,None,1,Minor,Conventional,Clear,Daylight,Dry,No Unusual Conditions,Making U Turn,Unknown,Hit Object,Mid-Sized Car,Intersection,Vehicle 2,0,None,"On February 2lst, a test vehicle operating in manual driving mode was making a u-turn from Westbound to Eastbound Homestead Road at the intersection with Kennewick Drive in Sunnyvale when the right front tire and rim made contact with the curb. No injuries were reported and law enforcement was not called to the scene The test vehicle sustained damage to the right front rim_",14,37.337539,-122.04611,507805,4004,4,,,,,,,0,
A,2/23/23,3:36 PM,2016,Toyota,Highlander,Harrison St. and Sixth St: Intersection,San Francisco,San Francisco,94103,Moving,Moving,2,Minor,Conventional,Cloudy,Daylight,Dry,No Unusual Conditions,Making Right Turn,Making Right Turn,Side Swipe,Two-Wheels,Intersection,Vehicle 1,0,None,"A Zoox vehicle in manual mode was proceeding southbound in the turn lane 0n Sixth Street with green light, yielding to a pedestrian before completing a right turn onto eastbound Harrison Street, in San Francisco, CA turn signals illuminated. large truck in the left adjacent lane abruptly turned right and cut in front of the Zoox vehicle making contact with the left front sensor: There were no injuries, the other vehicle did not stop to exchange information, and police were not called with",1,37.7777,-122.404606,017804,3000,3,,,,,,,0,
B,2/24/23,12:15 AM,2021,Jaguar,I-Pace,Toland Street at Hudson Avenue,San Francisco,San Francisco,94124,Moving,Moving,2,Moderate,Autonomous,Raining,Dark - Street Lights,Wet,Unknown,Making Left Turn,Making Left Turn,Broadside,Mid-Sized Car,Intersection,Vehicle 2,0,None,"On February 24,2023 at 12:15 AM PST a Waymo Autonomous Vehicle (""Waymo AV"") operating in San Francisco, California was in a collision involving a passenger vehicle on Toland Street at Hudson Avenue. The Waymo AV was traveling southwest on Toland Street in autonomous mode. While the Waymo AV was making a left turn onto Hudson] Avenue, passenger vehicle proceeded into the intersection from the left and made contact with the left side of the Waymo AV. The other vehicle immediately left the scene. At the time of the impact, the Waymo AV's Level 4 ADS was engaged in autonomous mode. Both vehicles sustained damage.","1, 2, 3, 4, 5",37.744307,-122.395776,980900,1034,1,,,,,,,0,
B,2/25/23,7:23 AM,2021,Jaguar,I-Pace,Noe Street at 25th Street,San Francisco,San Francisco,94114,Stopped in Traffic,Moving,2,Minor,Autonomous,Clear,Daylight,Unknown,No Unusual Conditions,Stopped,Xing Into Opposing Lane,Side Swipe,Mid-Sized Car,Intersection,Vehicle 2,0,None,"On February 2Sth, 2023 at 7.23 AM PST a Waymo Autonomous Vehicle ~~Waymo AV"") operating in San Francisco, California was in a collision involving a heavy truck 0 2Sth Street at Noe Street The Waymo AV was proceeding East on 2Sth Street near the intersection with Noe Street when it came to a stop to yield to a heavy truck traveling West on 2Sth Street: As the heavy truck moved past the Waymo AV, the front left tire of the heavy truck made contact with the rear left sensor of the Waymo AV. The heavy truck then left the scene. At the time of the impact, the Waymo AV's Level 4 ADS was engaged in autonomous mode The Waymo AV sustained damage.",6,37.749829,-122.431716,021400,3004,3,,,,,,,0,
B,2/25/23,9:45 AM,2021,Jaguar,I-Pace,350 Pacific Ave,San Francisco,San Francisco,94111,Moving,Stopped in Traffic,2,Minor,Conventional,Clear,Daylight,Dry,No Unusual Conditions,Entering Traffic,Stopped,Side Swipe,Mid-Sized Car,Intersection,Vehicle 2,0,None,"On February 2Sth, 2023 at 9.45 AM/PM PST a Waymo Autonomous Vehicle (""Waymo AV"") operating in San Francisco, California was in collision involving a heavy truck o Pacific Avenue at Sansome Street: The Waymo AV was making a right turn to travel west on Pacific Avenue: As the Waymo AV turned, the rear right tire of the Waymo AV made contact with the lowered loading lift of a heavy truck parked partially across the parking lot entrance. At the time of the impact, the Waymo AV's Level 4 ADS was not engaged and a test driver was operating the Waymo AV in manual mode. The Waymo A V sustained damage.","10, 11",37.797818,-122.401623,010500,1018,1,51.7,1465,554,137,643,61,70,156490
B,3/1/23,8:27 PM,2021,Jaguar,I-Pace,8077 O'Farrell Street,San Francisco,San Francisco,94118,Moving,None,1,None,Autonomous,Clear,Dark - Street Lights,Dry,No Unusual Conditions,Entering Traffic,Unknown,Head On,Mid-Sized Car,Intersection,Vehicle 2,0,None,"On March 1, 2023 at 8.27 PM PST a Waymo Autonomous Vehicle (""Waymo AV') operating in San Francisco was in collision involving fixed object on 0 Farrell Street near Anzavista Avenue As the Waymo AV was leaving a parking lot to turn left onto 0 Farrell Street; the front of the Waymo AV made contact with a chain that was connected between parking lot road sign and temporary At the time of the impact, the Waymo AV's Level 4 ADS was engaged in autonomous mode. The road sign fell down due to tension on the chain. pole.",0,37.78542,-122.416932,012203,2001,2,36.9,567,351,0,103,33,80,59779
C,3/3/23,4:23 AM,2023,Cruise,AV,1201 Bryant St,San Francisco,San Francisco,94103,Stopped in Traffic,Moving,2,Moderate,Autonomous,Clear,Dark - Street Lights,Dry,No Unusual Conditions,Stopped,Making Right Turn,Side Swipe,Compact Car,Intersection,Vehicle 2,0,None,"A Cruise autonomous vehicle (""Cruise A V""), operating in driverless autonomous mode, Was traveling eastbound on Bryant Street in the rightmost lane between Ith Street and 1Oth Street As the Cruise AV proceeded straight into the intersection with 1Oth Street; semi-trailer truck traveling in the lane to the left of the Cruise AV began to make a right turn onto 1Oth Street and crossed into the Cruise A V's lane without a turn signal. The Cruise AV braked and the semi-trailer truck made contact with the left side of the Cruise AV, causing damage to the driver side front, rear, and bumper of the Cruise AV. The parties exchanged information and there were no injuries.","1, 2, 4, 5, 6, 7, 8",37.769788,-122.409848,017700,1010,1,33.9,372,165,5,86,98,18,165789
C,3/6/23,1:06 AM,2022,Cruise,AV,1199 Polk St,San Francisco,San Francisco,94109,Moving,Moving,2,Moderate,Autonomous,Clear,Dark - Street Lights,Dry,No Unusual Conditions,Making Left Turn,Other,Head On,Truck/Bus,Intersection,Vehicle 2,0,None,"A Cruise autonomous vehicle (""Cruise AV""), operating in driverless autonomous mode, was at a complete stop in response to a red light on northbound Polk Street at the intersection with Sutter Street_ The Cruise AV began to proceed as the light turned green when an Infiniti Q50 passed the Cruise AV in the oncoming traffic lane and began performing donuts in the intersection. The Cruise AV began to initiate a left turn onto Sutter Street when the Infiniti Q50 made contact with the Cruise AV's driver side bumper, causing damage to the front driver side bumper; front driver side fascia and front driver side headlight The driver of the Infiniti Q50 left the scene without exchanging information There were no reported injuries and the Cruise AV was towed the incident: front from","1, 2, 18",37.787733,-122.420244,012002,2001,2,37.6,1053,465,125,369,87,7,106047
WeRide,3/9/23,4:12 PM,2019,NISSAN,LEAF,Washington and The Embarcadero,SAN FRANCISCO,SAN FRANCISCO,94105,Stopped in Traffic,Moving,2,Minor,Conventional,Raining,Daylight,Wet,No Unusual Conditions,Stopped,Passing Other Vehicle,Rear End,Truck/Bus,Intersection,Vehicle 2,0,None,Our Autonomous vehicle (car 1) was in conventional mode stopped at the traffic light on Embarcadero and Washington. A black color Dodge Challenger (car 2) attempted to bypass Our car (car 1) from the rear and in doing so hit OUr car (car 1) right side rear bumper: At the time of collision our AV (Car 1) was stopped traveling 0 mph and the Dodge Challenger (car 2) was traveling less than 5 mph: The damage is minor and left a small scratch. After exchanging information both parties agreed to leave the scene,9,37.794374,-122.413614,010800,3006,3,36.8,2032,1289,25,538,116,64,175068
B,3/12/23,9:28 PM,2021,Jaguar,I-Pace,Cesar Chavez Street at Mission Street,San Francisco,San Francisco,94110,Stopped in Traffic,Moving,2,None,Autonomous,Raining,Dark - Street Lights,Wet,No Unusual Conditions,Stopped,Proceeding Straight,Rear End,Two-Wheels,Intersection,Vehicle 2,0,None,"On March 12,2023 at 9.28 PM PST a Waymo Autonomous Vehicle (""Waymo AV"") operating in San Francisco, California was in a collision involving a passenger car 0 Cesar Chavez Street at Mission Street. The Waymo AV was stopped in the dedicated left turn lane facing west on Cesar Chavez Street, awaiting a green signal to turn onto Mission Street: The signal for traffic proceeding west on Cesar Chavez Street turned green;, and traffic in adjacent lanes began moving The left turn arTow signal for the dedicated turn lane occupied by the Waymo AV remained red. The passenger car that had been stopped directly behind the Waymo AV began moving forward. The front of the passenger car made contact with the rear of the Waymo AV_ At the time of the impact, the Waymo AV's Level 4 ADS was engaged in autonomous mode, and a test driver was present (in the driver'$ seating position) The passenger car sustained minor damage.",0,37.748166,-122.418221,025300,4000,4,,,,,,,0,
B,3/16/23,5:10 PM,2021,Jaguar,I-Pace,367 Bayshore Boulevard,San Francisco,San Francisco,94124,Moving,Stopped in Traffic,2,Minor,Conventional,Clear,Daylight,Dry,No Unusual Conditions,Changing Lanes,Stopped,Unknown,Mid-sized Car,Intersection,Vehicle 2,0,None,"On March 16,2023 at 5:10 PM PST a Waymo Autonomous Vehicle (~Waymo AV"") operating in San Francisco, California was in a collision involving a passenger car 0n Bayshore Boulevard between Flower Street and Cortland Avenue The Waymo AV was traveling north on Bayshore Boulevard in autonomous mode, merging into the rightmost lane: As the Waymo AV merged, the test driver transitioned from autonomous mode to manual mode and began accelerating: The front of the Waymo AV made contact with the rear of a passenger car that was stopped in the rightmost lane. At the time of the impact, the Waymo A Level ADS was not engaged and a test driver was operating the Waymo AV in manual mode. Both the Waymo AV and the passenger car sustained damage. V's",17,37.741409,-122.405604,980900,1037,1,32.5,296,82,16,169,10,19,137750
A,3/16/23,10:31 AM,2019,Toyota,Highlander,Division Street approaching Bryant Street,San Francisco,San Francisco,94103,Moving,Stopped in Traffic,2,Minor,Conventional,Clear,Daylight,Dry,No Unusual Conditions,Making Right Turn,Parked,Side Swipe,Mid-Sized Car,Intersection,Vehicle 2,0,None,"A Zoox vehicle in manual mode northwest on Division St in San Francisco, CA scraped a parked car at low speed as it was pulling into driveway, making contact with its left front bumper: There were no injuries and police were not called.",10,37.769672,-122.406205,018000,3002,3,31.6,748,310,28,318,58,19,158558
B,3/16/23,2:19 AM,2021,Jaguar,I-Pace,Exit Ramp 43AInterstate 280,San Bruno,San Mateo,94066,Moving,None,2,Minor,Autonomous,Clear,Dark - Street Lights,Dry,No Unusual Conditions,Proceeding Straight,Unknown,Hit Object,Truck/Bus,Intersection,Vehicle 1,0,None,"On March 16,2023 at 2:19 AM PST a Waymo Autonomous Vehicle (""Waymo A operating in San Bruno, CA was in a collision involving road debris 0n Interstate 280 at the interchange ramp for Interstate 380 (Exit 434). The Waymo AV was traveling south on Interstate 280 in the rightmost exit lane for Exit 43A towards Interstate 380 when it made contact with road debris (tire scrap). At the time of the impact, the Waymo AV's Level 4 ADS was (engaged in autonomous mode, and a test driver was present (in the driver s seating position). The Waymo AV sustained damage. V)",11,37.623159,-122.436034,603802,1000,1,,,,,,,0,
C,3/18/23,3:26 AM,2023,Cruise,AV,499 25th Avenue,San Francisco,San Francisco,94121,Moving,Moving,2,Major,Autonomous,Clear,Dark - No Street Lights,Dry,No Unusual Conditions,Proceeding Straight,Proceeding Straight,Broadside,Mid-Sized Car,Intersection,Vehicle 2,0,None,"A Cruise autonomous vehicle (""Cruise A V""), operating in driverless autonomous mode, was traveling southbound on 2Sth Avenue between Clement Street and Boulevard. The Cruise AV entered the intersection with Boulevard on green light. the Cruise AV was passing through the intersection, a Mercedes Sedan traveling eastbound on Geary Boulevard entered the intersection on & red light and shortly thereafter made contact with the Cruise AV, damaging the front right quarter of the Cruise AV. The Mercedes Sedan then made contact with a nearby building, resulting in damage to the property: Police and Emergency Medical Services were called to the scene. The Cruise AV was towed from the scene. Occupants of the Mercedes Sedan received medical treatment at the scene and were not transported by Emergency Medical Services. Geary Geary As","14, 15, 16, 17, 19",37.780084,-122.484911,047701,1002,1,34.4,1440,657,0,501,35,205,103300
B,3/20/23,10:43 AM,2021,Jaguar,I-Pace,Venice Boulevard and La Cienega,Los Angeles,Los Angeles,90034,Stopped in Traffic,Moving,2,Minor,Autonomous,Cloudy,Daylight,Dry,No Unusual Conditions,Stopped,Proceeding Straight,Rear End,Mid-Sized Car,Intersection,Vehicle 2,0,None,"On March 20, 2023 at 10.43 AM PST a Waymo Autonomous Vehicle (""Waymo AV"") operating in Los Angeles, California was in a collision involving an SUV on Venice Boulevard at La Cienega. The Waymo AV was stopped in the center lane of a three-lane road behind a passenger vehicle for a red light facing southwest on Venice Boulevard at La Cienega in autonomous mode The light turned green while cross-traffic remained backed up in the intersection The Waymo AV nudged forward and slowed to yielding for the blocking cross traffic_ A passenger vehicle that had been stopped behind the Waymo AV proceeded forward and made contact with the rear of the Waymo AV. At the time of the impact, the Waymo AV's Level 4 ADS was engaged in autonomous mode, and a test driver was present (in the driver' s seating position). The Waymo AV sustained damage. stop,",9,34.035021,-118.377909,270200,1006,1,,,,,,,0,
B,3/20/23,8:04 PM,2021,Jaguar,I-Pace,Bayshore Boulevard near Jerrold Avenue,San Francisco,San Francisco,94124,Moving,None,1,Minor,Autonomous,Clear,Dark - Street Lights,Dry,"Holes, Deep Rut",Proceeding Straight,Unknown,Other,Mid-Sized Car,Intersection,Vehicle 2,0,None,"On March 20, 2023 at approximately 8.04 PM PST a Waymo Autonomous Vehicle (""Waymo AV ) operating in San Francisco, California was in a collision involving a pothole on Bayshore Boulevard near Jerrold Avenue_ The Waymo AV was traveling in the second lane on four-lane section of northbound Bayshore Boulevard when the passenger side rear tire made contact with pothole. The tire began to deflate and the Waymo AV pulled over on a side street: At the time of impact, the Waymo AV's Level 4 ADS was engaged in autonomous mode",11,37.726178,-122.401537,023300,2003,2,47.8,2491,216,335,1597,291,52,72958
C,3/21/23,5:58 PM,2022,Cruise,AV,1660 Sacramento Street,San Francisco,San Francisco,94109,Moving,Stopped in Traffic,2,None,Conventional,Cloudy,Daylight,Wet,No Unusual Conditions,Parking Maneuver,Parked,Side Swipe,Compact Car,Intersection,Vehicle 2,0,None,"A Cruise autonomous vehicle (""Cruise AV""), operating in manual mode, was traveling westbound in the leftmost lane on Sacramento Street between Larkin Street and Polk Street: As the Cruise AV operator attempted to parallel park behind a Hyundai Tucson, the Cruise AV made contact with the Hyundai Tucson The parties exchanged information_ There were no damages to the Cruise AV and there were no reported injuries.",0,37.791757,-122.420416,011101,1000,1,42.8,813,305,42,376,40,50,99519
C,3/21/23,9:49 PM,2023,Cruise,AV,1401StreetClay,San Francisco,San Francisco,94109,Moving,None,1,Moderate,Autonomous,Raining,Dark - Street Lights,Wet,Obstruction on Roadway,Proceeding Straight,Unknown,Hit Object,Compact Car,Intersection,Vehicle 2,0,None,"A Cruise autonomous vehicle (""Cruise AV""), operating in driverless autonomous mode, was traveling eastbound on Street between Hyde Street and Leavenworth Street. Shortly before the intersection with Leavenworth Street, the Cruise AV made contact with a downed power cable on Street and came to stop. This caused damage to the Cruise AV's front driver side radar assembly. There were no injuries. Clay Clay",3,37.795219,-122.420782,011002,1001,1,,,,,,,0,
C,3/22/23,11:30 PM,2023,Cruise,AV,2654 Turk Boulevard,San Francisco,San Francisco,94118,Moving,Stopped in Traffic,3,None,Autonomous,Clear,Dark - Street Lights,Dry,No Unusual Conditions,Stopped,Stopped,Rear End,Mid-Sized Car,Intersection,Vehicle 2,0,None,"A Cruise autonomous vehicle (""Cruise AV""), operating in driverless autonomous mode, was traveling westbound on Turk Boulevard between Roselyn Terrace and Kittredge Terrace. The Cruise AV came to complete stop for a vehicle in the process of letting passengers out that was stopped in the Cruise AV's lane of travel. A Smart Car traveling behind the Cruise AV came to a complete stop behind the Cruise AV. A Honda Accord trailing behind the Smart Car began to decelerate but made contact with the Smart Car; pushing the Smart Car forward into the Cruise AV'$ rear bumper: The exchanged information. There were no damages to the Cruise AV and there were no reported injuries. parties",0,37.778172,-122.451739,015701,1009,1,34.8,2050,1304,6,669,14,57,156250
C,3/22/23,3:20 AM,2023,Cruise,AV,1258 Shafter Avenue,San Francisco,San Francisco,94124,Moving,None,2,Moderate,Autonomous,Raining,Dark - Street Lights,Wet,No Unusual Conditions,Proceeding Straight,Parked,Hit Object,Mid-Sized Car,Street,Vehicle 2,0,None,"A Cruise autonomous vehicle (""Cruise A V""), operating in driverless autonomous mode, was traveling southbound on Shafter Avenue between Ingalls Street and Hawes Street. Shortly after the intersection with Ingalls Street, the Cruise AV made contact with a tow dolly attached to the back of a double-parked truck, damaging the front passenger side bumper and front passenger side fender of the Cruise AV_ There were no reported injuries.","15, 16, 17",37.727628,-122.384175,023200,2010,2,49.5,1188,140,349,356,329,14,76719
C,3/22/23,4:29 AM,2022,Cruise,AV,1695 Polk Street,San Francisco,San Francisco,94109,Moving,None,2,Moderate,Autonomous,Raining,Dark - Street Lights,Wet,Obstruction on Roadway,Proceeding Straight,Unknown,Hit Object,Mid-Sized Car,Intersection,Vehicle 2,0,None,"A Cruise autonomous vehicle (""Cruise A V""), operating in driverless autonomous mode, was traveling southbound on Polk Street near the intersection with Street: Shortly after passing through the intersection with Street; the Cruise AV made contact with a downed power cable stretching across Polk Street and came to a stop. This caused damage to the Cruise AV's front fascia. There were no injuries. Cruise was informed by law enforcement to the Cruise AV stationary until the power cables were cleared. During the time that the power cable was cleared and that the Cruise AV was stopped, the Cruise AV ran low on battery power and did not have enough power to return to Cruise facilities on its own. The Cruise AV was therefore towed from the scene once the power cables were cleared. Clay Clay keep being","1, 15, 16, 17, 18",37.792215,-122.421282,011101,1001,1,42.8,813,305,42,376,40,50,99519
C,3/23/23,2:46 PM,2023,Cruise,AV,1452 Haight Street,San Francisco,San Francisco,94117,Moving,None,2,Moderate,Autonomous,Clear,Daylight,Dry,No Unusual Conditions,Proceeding Straight,Slowing/Stopping,Rear End,Mid-Sized Car,Intersection,Vehicle 2,0,None,"Cruise autonomous vehicle (""Cruise AV""), operating in driverless autonomous mode, was traveling o westbound Haight Street between Ashbury Street and Masonic Avenue. At the same time, a San Francisco Municipal Railway MUNI"" Bus stopped ahead of the Cruise AV. Shortly thereafter; the Cruise AV made contact with the rear bumper of the MUNI Bus, damaging the front fascia and front fender of the Cruise AV The parties exchanged information: There were no reported injuries and the Cruise AV was towed the scene_ from","1, 15, 16, 17, 18, 19",37.770378,-122.446275,016601,2003,2,35.3,1349,857,63,151,48,230,154028
B,4/3/23,10:56 PM,2021,Jaguar,I-Pace,Jack London Alley at Varney Place,San Francisco,San Francisco,94107,Stopped in Traffic,Moving,2,Minor,Autonomous,Clear,Dark - Street Lights,Dry,No Unusual Conditions,Stopped,Passing Other Vehicle,Side Swipe,Mid-Sized Car,Intersection,Vehicle 2,0,None,"On April 3,2023 at 10.56 PM PST a Waymo Autonomous Vehicle (""Waymo AV"") operating in San Francisco, California was in a collision involving an SUV on Jack London Alley at Varney Place While traveling northwest on Jack London the Waymo AV came to a stop to yield to an oncoming SUV in a narrow passageway. Thef SUV proceeded around the Waymo AV and made contact with the left rear sensor housing of the Waymo AV. At the time of the impact, the] Waymo A Level 4 ADS was engaged in autonomous mode, and a test driver was present (in the driver' $ seating position). The driver of the SUV stopped briefly but left before sharing their information The Waymo sustained damage. Alley; V's",6,37.781942,-122.394407,061502,2002,2,,,,,,,0,
B,4/5/23,10:46 AM,2021,Jaguar,I-Pace,Potrero Avenue at 2lst Street,San Francisco,San Francisco,94110,Stopped in Traffic,Moving,2,Minor,Conventional,Clear,Daylight,Dry,No Unusual Conditions,Stopped,Changing Lanes,Rear End,Truck/Bus,Intersection,Vehicle 2,0,None,"On April 5,2023 at 10.46 AM PST a Waymo Autonomous Vehicle (""Waymo AV"") operating in San Francisco, California was in a collision involving a passenger car 0 Potrero Avenue at 2lst Street: The Waymo AV was traveling southbound on Potrero Avenue in the leftmost lane as it was approaching the intersection with 2lst Street The signal for traffic proceeding south on Potrero Avenue was green for the Waymo AV as it approached the intersection. As the Waymo AV approached, an individual motorized scooter traveling north on Potrero Avenue proceeded to turn left onto westbound 2lst Street, across the paths of the Waymo AV and other oncoming vehicles The Waymo AV began to brake, and the Waymo AV test driver transitioned to manual mode and brought the Waymo AV to a stop. A passenger car traveling directly behind the Waymo AV then made contact with the rear of the Waymo AV. The individual riding the scooter was not contacted by the Waymo AV or any other vehicle At the time of the impact, the Waymo AV's Level 4 ADS was not engaged and a test driver was operating the Waymo AV in manual mode. Both the Waymo AV and the passenger car sustained damage, and the individual on the motorized scooter left the scene. riding",9,37.757282,-122.406959,022802,2003,2,48,1509,652,128,188,511,28,0