Company,Date,Time,Vehicle 1 Year,Vehicle Make,Vehicle Model,Address,City,County,Zip Code,Vehicle 1 Status,Vehicle 2 Status,Vehicles Involved,Describe Veh Damage,Mode,Weather,Lighting,Roadway Surface,Roadway Condition,Mov Proceed Col Veh 1,Mov Proceed Col Veh 2,Collision Type,Vehicle type,Location,Fault,Number of injuries,Injuries,Description,Damaged Area,Latitude,Longitude,Census Tract Code,Census Block Code,Census Block Group,Median Age,Population,White,Black,Asian,Hispanic,Other,Median Income
B,4/6/23,10:48 AM,2021,Jaguar,I-Pace,Randall Street near Harper Street,San Francisco,San Francisco,94110,Stopped in Traffic,Moving,2,Minor,Autonomous,Clear,Daylight,Dry,No Unusual Conditions,Stopped,Proceeding Straight,Side Swipe,Mid-Sized Car,Intersection,Vehicle 2,0,None,"On April 6, 2023 at 10.48 AM PST a Waymo Autonomous Vehicle (""Waymo AV"") operating in San Francisco, California was in a collision involving a heavy truck 0 Randall Street near Harper Street The Waymo AV was proceeding northwest on Randall Street near the intersection with Harper Street when it came to a stop to yield to a heavy truck traveling southeast on Randall Street: As the heavy truck drove past the Waymo AV, the driver' $ side section of the heavy truck made contact with the rear driver's side sensor of the Waymo AV. The truck then left the scene. At the time of the impact, the Waymo AV's Level 4 ADS was engaged in autonomous mode. The Waymo AV sustained damage. heavy",6,37.739613,-122.425978,021800,2002,2,37.7,971,596,8,149,149,69,250001
C,4/9/23,4:45 AM,2023,Cruise,AV,499 25th Avenue,San Francisco,San Francisco,94121,Moving,None,1,Moderate,Autonomous,Clear,Dark - Street Lights,Dry,No Unusual Conditions,Proceeding Straight,Proceeding Straight,Broadside,Mid-Sized Car,Street,Vehicle 2,0,None,"A Cruise autonomous vehicle (""Cruise AV""), operating in driverless autonomous mode, was traveling southbound on 2Sth Avenue between Clement Street and Geary Boulevard, The Cruise AV entered the intersection with Boulevard on green light. the Cruise AV was passing through the intersection, a black Volkswagen Hatchback traveling westbound on Geary Boulevard entered the intersection on red light and shortly thereafter made contact with the Cruise AV, damaging the driver side doors of the Cruise AV. The driver of the Volkswagen Hatchback left the scene without exchanging information. Police were called to the scene. There were no reported injuries and the Cruise AV was towed from the scene_ Geary As","11, 12, 13",37.780084,-122.484911,047701,1002,1,34.4,1440,657,0,501,35,247,103300
A,4/11/23,10:54 AM,2017,Toyota,Highlander,Lombard Street,San Francisco,San Francisco,94133,Moving,Moving,2,Major,Conventional,Clear,Daylight,Dry,No Unusual Conditions,Other,Unknown,Hit Object,Mid-Sized Car,Street,Vehicle 2,0,None,Zoox vehicle in manual mode was traveling eastbound on Lombard St: towards Leavenworth St: following a sharp curve in the road when] it made contact with a concrete abutment on the right: There were no injuries and police were not called. Autonomy was not engaged at any point during the drive cycle proceeding the event.,9,37.803051,-122.409962,010401,2002,2,34.3,1697,857,12,361,397,70,114938
A,4/11/23,11:19 AM,2017,Toyota,Highlander,Kearny Street and Commercial Street Intersection,San Francisco,San Francisco,94108,Stopped in Traffic,Moving,2,Minor,Autonomous,Clear,Daylight,Dry,Construction - Repair Zone,Stopped,Passing Other Vehicle,Rear End,Mid-Sized Car,Intersection,Vehicle 2,0,None,"A Zoox vehicle in autonomy was proceeding northbound on Kearny Street in stop-and-go traffic through an active construction zone  At the same time, an e-scooter traveling near the right curb was passing other slow traffic behind the Zoox vehicle. Before the e-scooter could also pass the Zoox vehicle on the right, the e-scooter weaved away from the curb, seemingly to avoid a drainage grate, and came within a close following distance behind the Zoox vehicle. As the Zoox vehicle came to stop again for traffic ahead the e-scooter rider did not stop, and the e-scooter made contact with the right rear tail light of the Zoox vehicle. The e-scooter rider remained upright, did not stop to exchange information, and immediately rode off while the Zoox vehicle was still stopped There were no injuries and police were not called. The damage to the Zoox vehicle was limited to a cracked tail light lens.",9,37.794021,-122.40471,061101,2025,2,,,,,,,0,
B,4/12/23,5:29 PM,2021,Jaguar,I-Pace,Wilshire Boulevard at 26th Street,Santa Monica,Los Angeles,90403,Stopped in Traffic,Moving,2,Minor,Autonomous,Clear,Daylight,Dry,No Unusual Conditions,Stopped,Proceeding Straight,Rear End,Mid-Sized Car,Intersection,Vehicle 2,0,None,"On April 12,2023 at 5.29 PM PST a Waymo Autonomous Vehicle (""Waymo AV') operating in Santa Monica, California was in a collision] involving an SUV on Wilshire Boulevard at 26th Street. The Waymo AV was traveling southwest o Wilshire Boulevard in the rightmost lane as it was approaching the intersection with 26th Street: The signal for traffic proceeding southwest on Wilshire Boulevard was red as the Waymo AV approached the intersection and came to a stop. The signal for traffic proceeding southwest on Wilshire Boulevard then turned green, and traffic in adjacent lanes began moving while the Waymo AV waited for traffic in its lane to begin to move The SUV that had been stopped directly behind the Waymo AV began moving forward and the front of the SUV made contact with the rear of the Waymo AV. At the time of the impact, the Waymo AV's Level 4 ADS was engaged in autonomous mode, and a test driver was present (in the driver's seating position). The Waymo sustained damage.",8,34.036339,-118.477834,701601,3011,3,,,,,,,0,
C,4/12/23,8:13 PM,2023,Cruise,AV,1198 Turk Street,San Francisco,San Francisco,94115,Stopped in Traffic,Moving,2,Minor,Autonomous,Clear,Dark - Street Lights,Dry,No Unusual Conditions,Stopped,Backing,Rear End,Mid-Sized Car,Street,Vehicle 2,0,None,"A Cruise autonomous vehicle (""Cruise AV""), operating in driverless autonomous mode, was traveling westbound on Turk Street Street between Webster Street and Laguna Street_ The Cruise AV came to complete stop for a double-parked Sedan in the leftmost lane: The Cruise AV began to maneuver around and to the right of the Sedan when the Sedan reversed into the Cruise A V, damaging the Cruise AV'$ front driver side bumper: The driver of the Sedan left the scene without exchanging information. There were no reported injuries.","1, 18",37.781072,-122.428505,016102,2001,2,44.9,2152,177,1225,341,325,84,20512
C,4/21/23,8:13 PM,2023,Cruise,AV,887 Geary St,San Francisco,San Francisco,94109,Stopped in Traffic,Moving,2,Moderate,Conventional,Clear,Dark - Street Lights,Dry,No Unusual Conditions,Stopped,Making Left Turn,Side Swipe,Mid-Sized Car,Highway/Freeway,Vehicle 1,0,None,"A Cruise autonomous vehicle (""Cruise A operating in manual mode, was at a complete in response to a red light in the rightmost lane 0n westbound Geary Boulevard at the intersection with Larkin Street  While the Cruise AV was stopped, a Mercedes SUV exited parking lot onto westbound Geary Boulevard, pulled behind and to the left of the Cruise AV_ and made contact with the left side of the Cruise AV, causing damage to the Cruise AV's rear driver side door and rear driver side wheel well. The parties exchanged information The Cruise AV operator in the Cruise AV later reported head, shoulder and back injuries. V""); stop fully","4, 5, 6",37.785971,-122.417594,012203,2001,2,36.9,567,351,0,103,33,80,59779
C,4/22/23,9:59 PM,2022,Cruise,AV,810 1Oth St,San Francisco,San Francisco,94103,Moving,Moving,2,Moderate,Autonomous,Clear,Dark - Street Lights,Dry,No Unusual Conditions,Making Right Turn,Proceeding Straight,Rear End,Mid-Sized Car,Street,Vehicle 1,0,None,"A Cruise autonomous vehicle (""Cruise AV""), operating in driverless autonomous mode, was at a complete stop in response to a red light on 1Oth Street at the intersection with Division Street: The Cruise AV began to make a right turn onto Division Street after the light turned green   before yielding to a pedestrian in the crosswalk. Shortly thereafter, a silver Infiniti Sedan traveling behind the Cruise AV made contact with the Cruise AV's rear bumper, causing damage to the Cruise AV's rear fascia. The driver of the Infiniti Sedan left the scene without exchanging information: There were no reported injuries","7, 8, 9",37.775678,-122.412131,017803,1000,1,,,,,,,0,
Mercedes,4/26/23,3:00 PM,2021,Mercedes,S Class,San Thomas ExpresswayCentral Expressway,SANTA CLARA,SANTA CLARA,95051,Stopped in Traffic,Moving,2,Minor,Conventional,Unknown,Daylight,Dry,No Unusual Conditions,Merging,Merging,Rear End,Two-wheels,Highway/Freeway,Vehicle 2,0,None,The Mercedes-Benz was leaving the off-ramp of EB Central Expressway and approached the merge at NB San Thomas Expressway. The driver yielded to cross traffic at the merge when the Porsche Cayenne vehicle rear-ended the Mercedes-Benz,"8, 9",37.345558,-121.94646,505600,3016,3,20,2523,1380,28,533,434,148,90625
B,4/28/23,5:29 PM,2021,Jaguar,I-Pace,25th St & Sanchez St,San Francisco,San Francisco,94114,Stopped in Traffic,Moving,2,Minor,Autonomous,Clear,Daylight,Dry,Unknown,Stopped,Parking Maneuver,Side Swipe,Mid-Sized Car,Street,Vehicle 2,0,None,"The Waymo AV was traveling east o 2Sth Street between Sanchez Street and Vicksburg Street when it approached an SUV that was stopped in the lane in front of the Waymo AV. The Waymo AV began passing the stopped SUV on the left when the SUV began reversing in the lane_ The Waymo AV then stopped behind and to the left of the SUV, and the SUV continued reversing and began a turning maneuver to enter a parking space. The left side of the SUV made contact with the front right corner of the Waymo AV. At the time of the impact, the Waymo AV was stopped and the AV's Level 4 ADS was engaged in autonomous mode. Both vehicles sustained damage.",15,37.749964,-122.4295,021400,3004,3,,,,,,,0,
B,4/30/23,1:53 PM,2021,Jaguar,I-Pace,Oak Street at Octavia Boulevard,San Francisco,San Francisco,94102,Stopped in Traffic,Moving,2,None,Autonomous,Clear,Daylight,Dry,No Unusual Conditions,Parked,Proceeding Straight,Side Swipe,Mid-Sized Car,Intersection,Vehicle 2,0,None,"On April 30,2023 at 1.53 PM PST a Waymo Autonomous Vehicle (""Waymo AV"") operating in San Francisco, California was in a collision involving an SUV on Oak Street at Octavia Boulevard: While the Waymo AV was parked at the right side curb of the road on Oak Street, an SUV that was passing the parked Waymo AV in the rightmost lane made contact with the rear driver side of the Waymo AV. At the time of the impact, the Waymo AV's Level 4 ADS was engaged in autonomous mode. The Waymo AV did not sustain damage, while the SUV sustained damage.",0,37.774811,-122.424246,016200,1003,1,,,,,,,0,
Weride,5/1/23,11:41 AM,2023,NISSAN,LEAF,St and Columbus AveBay,San Francisco,San Francisco,94133,Stopped in Traffic,None,1,Minor,Autonomous,Cloudy,Daylight,Dry,No Unusual Conditions,Making Right Turn,Proceeding Straight,Rear End,Mid-Sized Car,Intersection,Vehicle 2,0,None,"On Monday Ist at 11.41am Weride autonomous vehicle Vehicle 1) was in Autonomous Mode stopped at the intersection of St towards Columbus Ave appropriately yielding to illegally U turning skateboard on Bay St North to South direction in front of the AV (Vehicle 1) While yielding, a bicyclist was coming from behind our AV (Vehicle 1) head was turned left possibly looking for cross traffic_ When the cyclist turned his head forward, it was too late to react in time to our stopped vehicle( Vehicle 1) with the given distance and were traveling at in which the cyclist collided with our vehicle (Vehicle 1) Our Weride safety officer immediately disengaged and hand signaled to the bicyclist to over to the closest safe place to park as to not obstruct traffic. As our safety officer parked and got out of the car to check on the bicyclist, the bicyclist was already on in motion on his bicycle and ""fist bumped"" our safety officer while passing by him and leaving the scene without exchanging any information May Bay speed] they pull",8,37.804356,-122.416051,010102,1004,1,,,,,,,0,
C,5/1/23,2:44 AM,2022,Cruise,AV,36th Ave and Lincoln Way,San Francisco,San Francisco,94122,Moving,None,2,Minor,Conventional,Clear,Dark - Street Lights,Dry,No Unusual Conditions,Making Left Turn,Unknown,Head On,Compact Car,Intersection,Vehicle 2,0,None,"A Cruise autonomous vehicle (""Cruise AV""), operating in supervised autonomous mode, was at a complete stop in response to a red light onf 36th Avenue at the intersection with Lincoln Way. The Cruise AV began to make a left turn onto Lincoln after the light turned green. While the Cruise AV was in the intersection completing the turn, the Cruise AV operator disengaged from autonomous into manual mode_ After the disengagement, the Cruise AV operator continued straight forward, and shortly thereafter, made contact with the right curb and concrete guardrail on Lincoln This caused damage to the Cruise AV's front passenger side bumper and front passenger side fascia. The Cruise AV operator reported injuries and the Cruise AV was towed the incident. Way Way: from","15, 16",37.764638,-122.495475,032700,7002,7,,,,,,,0,
B,5/3/23,10:32 AM,2021,Jaguar,I-Pace,Pine Street near Broderick Street,San Francisco,San Francisco,94115,Moving,Moving,2,Moderate,Conventional,Cloudy,Daylight,Dry,No Unusual Conditions,Slowing/Stopping,Proceeding Straight,Rear End,Mid-Sized Car,Intersection,Vehicle 2,0,None,"On 3,2023 at 10.32 AM PST a Waymo Autonomous Vehicle (~Waymo AV') operating in San Francisco, California was in a collision] involving an SUV on Pine Street near Broderick Street  The Waymo AV was traveling in autonomous mode in the middle lane on westbound Pine Street between Divisadero Street and Broderick Street: A slower traveling van in the left adjacent lane began to initiate a right lane change in front of the Waymo AV and the Waymo AV test driver transitioned to manual mode and braked  The SUV traveling behind the Waymo AV then made contact with the rear of the Waymo AV. At the time of the impact; the Waymo AV's Level 4 ADS was not engaged and a test driver was operating the Waymo AV in manual mode_ The Waymo AV and SUV sustained damage. May","8, 9",37.787785,-122.435966,015300,1000,1,38.6,805,520,37,98,120,30,181597
C,5/3/23,4:38 AM,2022,Cruise,AV,Three Embarcadero Center,San Francisco,San Francisco,94111,Moving,None,2,Major,Conventional,Raining,Dark - Street Lights,Wet,No Unusual Conditions,Proceeding Straight,Unknown,Hit Object,Compact Car,Intersection,Vehicle 2,0,None,"A Cruise autonomous vehicle (""Cruise operating in manual mode, was departing from the Three Embarcadero Center garage facility. As the Cruise AV was leaving the garage, the garage began to lower and made contact with the Cruise AV, damaging the roof Lidar assembly. There were no reported injuries. AV""), gate",19,37.793832,-122.392358,061507,1001,1,27.5,1940,766,0,730,444,0,93466
C,5/4/23,9:32 AM,2023,Cruise,AV,1798 Franklin St,San Francisco,San Francisco,94109,Moving,Moving,2,Minor,Autonomous,Clear,Daylight,Dry,No Unusual Conditions,Slowing/Stopping,Proceeding Straight,Rear End,Mid-Sized Car,Street,Vehicle 2,1,Scooterist later reported injuries.,"A Cruise autonomous vehicle (""Cruise AV""), operating in driverless autonomous mode, was traveling northbound on Franklin Street between Clay Street and Sacramento Street. As the Cruise AV passed through the intersection with Sacramento Street, a scooterist approaching from the rear merged into the Cruise A V's lane behind the Cruise AV. The Cruise AV began to brake, and the scooterist made contact with the rear window and rear bumper of the Cruise AV. This caused damage to the rear window, rear bumper and driver side rear headlight of the Cruise AV. The parties exchanged information There were no injuries reported at the scene and police were not called The scooterist later reported injuries.","7, 8, 19",37.791105,-122.423974,013101,2000,2,35.1,756,467,42,202,0,45,191172
B,5/6/23,8:48 PM,2021,Jaguar,I-Pace,Post Street at Webster Street,San Francisco,San Francisco,94115,Moving,None,2,Minor,Autonomous,Cloudy,Dark - Street Lights,Dry,No Unusual Conditions,Unknown,Parked,Rear End,Mid-Sized Car,Intersection,Vehicle 2,0,None,"On 6,2023 at 8:48 PM PT a Waymo Autonomous Vehicle (""Waymo AV') operating in San Francisco, California was in a collision involving passenger vehicle on Post Street at Webster Street_ While traveling west o Post Street; the Waymo AV was executing a pullover maneuver in autonomous mode and made contact with the left rear bumper of a parked vehicle: At the time of the impact, the Waymo AV's Level 4 ADS was engaged in autonomous mode. Both vehicles sustained damage. May",16,37.785373,-122.431366,015500,4003,4,,,,,,,0,
C,5/7/23,5:03 PM,2022,Cruise,AV,1494 Polk St,San Francisco,San Francisco,94109,Moving,Moving,2,Moderate,Conventional,Clear,Daylight,Dry,No Unusual Conditions,Proceeding Straight,Proceeding Straight,Side Swipe,Mid-Sized Car,Intersection,Vehicle 2,0,None,"A Cruise autonomous vehicle ""Cruise A"" operating in manual mode, was traveling northbound on Polk Street between Pine Street and California Street. As the Cruise AV was passing through the intersection with California Street 0 a green light; a stand-up scooterist traveling eastbound on California Street entered the intersection on a red light and shortly thereafter made contact with the Cruise AV, damaging the Cruise AV's front and rear driver side doors, front driver side radar assembly and rear driver side door handle. The scooterist left the scene without exchanging information. There were no reported injuries. V""),","2, 3, 4, 5",37.790563,-122.420492,011102,1002,1,35.4,1146,542,54,427,18,105,98984
Apple,5/11/23,4:55 PM,2016,Lexus,RX 45h,Our Lady's Way & Great America Pkwy,Santa Clara,Santa Clara,95054,Stopped in Traffic,Moving,2,Minor,Conventional,Clear,Daylight,Dry,No Unusual Conditions,Stopped,Slowing/Stopping,Rear End,Mid-Sized Car,Intersection,Vehicle 2,0,None,On Hth a test vehicle operating in manual driving mode was traveling Eastbound on Our Lady's Way in Santa Clara and stopped in traffic behind a stop sign at the intersection with Great America Parkway. A Volkswagen Jetta failed to stop and struck the rear of the test vehicle. No injuries were reported and law enforcement was not called to the scene. Both vehicles sustained minor damage. May,"6, 7",37.39349,-121.964672,505010,2054,2,,,,,,,0,
A,5/17/23,11:40 AM,2017,Toyota,Highlander,13th Street and Harrison Street,San Francisco,San Francisco,94103,Moving,Moving,2,Minor,Autonomous,Clear,Daylight,Dry,No Unusual Conditions,Slowing/Stopping,Proceeding Straight,Rear End,Two-Wheels,Intersection,Vehicle 2,1,"Zoox operator reported a ""sore neck and back ' began","A Zoox vehicle in autonomous mode was traveling north on Harrison St: The Zoox vehicle coming to a gradual stop for traffic ahead when it was rear ended by vehicle 2 at low speed. There was minor damage and police were not called. The Zoox operator reported a ""sore neck and back ' began",7,37.769577,-122.413347,017700,1007,1,,,,,,,0,
C,5/18/23,4:00 AM,2023,Cruise,AV,450 ]Oth St,San Francisco,San Francisco,94103,Moving,None,0,Major,Conventional,Clear,Dark - Street Lights,Dry,No Unusual Conditions,Backing,Unknown,Hit Object,Mid-Sized Car,Intersection,Vehicle 2,0,None,"A Cruise autonomous vehicle (""Cruise AV""), operating in manual mode, was parked in a parking space in a Costco garage facility. As the Cruise AV operator was reversing out of the parking space, the Cruise AV made contact with a cement pillar, damaging the front driver side] radar assembly of the Cruise AV_ There were no reported injuries.",2,37.737105,-122.382662,023103,1003,1,28.4,1627,0,1163,63,125,276,27075
A,5/20/23,10:49 PM,2017,Toyota,Highlander,Broadway Street and Montgomery Street,San Francisco,San Francisco,94133,Stopped in Traffic,Moving,2,Minor,Conventional,Raining,Dark - Street Lights,Wet,No Unusual Conditions,Stopped,Making Left Turn,Head On,Truck/Bus,Street,Vehicle 2,0,None,"A Zoox vehicle in manual mode was stopped northbound at the intersection of Montgomery St and Broadway at a red traffic light when another vehicle making a left turn from westbound Broadway onto southbound Montgomery St erratically veered toward the Zoox vehicle, resulting in low speed collision with our front bumper. The driver initially stopped and partially opened the drivers door; but then drove away from the scene. Police were not called and no injuries were reported.",18,37.798223,-122.403863,010600,2001,2,,,,,,,0,
B,5/21/23,10:56 AM,2021,Jaguar,I-Pace,Toland Street at Toland Place,San Francisco,San Francisco,94124,Moving,None,0,Minor,Autonomous,Cloudy,Daylight,Dry,No Unusual Conditions,Proceeding Straight,Unknown,Hit Object,Mid-Sized Car,Street,Vehicle 2,0,None,"On 21,2023 at 10.56 AM PT a Waymo Autonomous Vehicle (""Waymo AV"") operating in San Francisco, California was in collision involving small dog on Toland Street at Toland Place. The Waymo AV was traveling southwest o Toland Street when small ran into the street in front of the Waymo AV. The Waymo AV then made contact with the which did not survive. At the time of the impact, the Waymo AVs Level 4 ADS was engaged in autonomous mode, and a test driver was present (in the driver' $ seating position). The Waymo AV sustained damage. May dog - dog;",19,37.744307,-122.398297,980900,1034,1,32.5,296,82,16,169,10,19,137750
C,5/21/23,9:24 PM,2022,Cruise,AV,1121 Folsom St,San Francisco,San Francisco,94103,Moving,Stopped in Traffic,2,Minor,Autonomous,Clear,Dark - Street Lights,Dry,"Holes, Deep Rut",Proceeding Straight,Parked,Side Swipe,Compact Car,Intersection,Vehicle 2,1,Passenger of the Cruise AV was assessed by medical personnel at the scene but was not transported by Emergency Medical Services,"A Cruise autonomous vehicle ~""Cruise AV'), operating in driverless autonomous mode, was traveling eastbound on Folsom Street between Sth Street and Langton Street: As the Cruise AV approached the intersection with Langton Street; the Cruise A V traveled over a pothole, which blew out the front driver side tire and caused the Cruise AV to veer into the adjacent parking lane. Shortly thereafter; the Cruise AV made contact with parked Subaru Impreza, causing damage to the Cruise AV's front passenger side quarter panel, front passenger side fascia, front driver side tire and rear passenger side quarter panel. Police and Emergency Medical Services were called and the Cruise AV was towed the scene. The passenger of the Cruise AV was assessed by medical personnel at the scene but was not transported by Emergency Medical Services. from","2, 10, 14, 15, 16",37.776159,-122.408329,017804,3006,3,36.2,645,90,0,499,56,0,163000
Mercedes,5/30/23,4:30 PM,2021,Mercedes,S Class,EB Condensa Street,Santa Clara,Santa Clara,95051,Stopped in Traffic,Moving,2,Minor,Conventional,Clear,Daylight,Dry,No Unusual Conditions,Stopped,Slowing/Stopping,Rear End,Mid-Sized Car,Intersection,Vehicle 2,0,None,The Mercedes-Benz was traveling eastbound on Condensa Street at the merge of the eastbound Central Expressway. The driver of the Mercedes-Benz was yielding to cross-traffic and came to a complete stop as he waited for an opening to merge. The driver of the Mazda following the Mercedes-Benz did not come to a stop and contacted the Mercedes-Benz at the rear bumper. The Mazda was travel <Smph at the time of contact with the Mercedes-Benz. No injuries were incurred and both parties were able to drive away from the incident:,"7, 8, 9",37.345558,-121.94646,505600,3016,3,20,2523,1380,28,533,434,126,90625
Mercedes,6/1/23,10:53 AM,2022,Mercedes,S CLASS,710N NEAR 91E INTERCHANGE,LONG BEACH,LOS ANGELES,90805,Moving,None,1,Moderate,Conventional,Cloudy,Daylight,Dry,No Unusual Conditions,Proceeding Straight,Unknown,Hit Object,Truck/Bus,Street,Vehicle 2,0,None,"THE DRIVER WAS OPERATING THIS VEHICLE ON US HWY 71ON IN L2 MODE APPROACHING THE INTERCHANGE WITH THE US HWY 91. AS DRIVER APPROACHED AN OVERPASS, A 4-FOOT LONG STEEL ROD FELL FROM THE BRIDGE AND BOUNCED OFF THE HIGHWAY BEFORE HITTING THE FRONT BUMPER OF THE VEHICLE. THE DRIVER TOOK MANUAL CONTROL AND BROUGHT THE VEHICLE TO A STOP ON THE SHOULDER DAMAGE WAS INCURRED TO THE FRONT BUMPER INCLUDING DESTRUCTION OF A CAMERA SENSOR, LIDAR, AND RADAR NO INJURIES WERE REPORTED BY THE DRIVER AND HE WAS ABLE TO DRIVE FROM THE SCENE OF THE INCIDENT.","7, 8, 9",33.864617,-118.180567,570503,2008,2,,,,,,,0,
B,6/5/23,12:53 PM,2021,Jaguar,I-Pace,3911 3rd Street,San Francisco,San Francisco,94124,Stopped in Traffic,Moving,2,Minor,Autonomous,Clear,Daylight,Dry,No Unusual Conditions,Stopped,Backing,Broadside,Truck/Bus,Highway/Freeway,Vehicle 1,0,None,"On June 5, 2023 at 12.53 PM PT a Waymo Autonomous Vehicle (""Waymo AV"") operating in San Francisco, California was in a collision involving a van in parking lot at 391 3rd Street_ The Waymo AV came to a stop while yielding to a pickup truck which was reversing into perpendicular parking space in front of the Waymo AV. While the Waymo AV was stopped, a van which was in a parking space immediately to the right of the Waymo AV began reversing out of the parking space. The rear of the van made contact the right side of the Waymo AV. The Waymo AV sustained damage: At the time of the impact, the Waymo AV's Level 4 ADS was engaged in autonomous mode. with",14,37.741482,-122.387988,061200,1000,1,53,1270,133,311,606,215,5,66774
Pony.ai,6/5/23,11:39 AM,2021,Hyundai,Kona EV,Warren Ave & Kato Rd,Fremont,Alameda,94538,Stopped in Traffic,Moving,2,Minor,Autonomous,Clear,Daylight,Dry,No Unusual Conditions,Stopped,Proceeding Straight,Rear End,Truck/Bus,Street,Vehicle 1,0,None,"On June 5, 2023, while in supervised (""Drivered' autonomous mode, a Pony.ai AV was rear-ended twice by a passenger vehicle at the intersection of Warren Ave and Kato Road in Fremont, CA The Pony.ai AV was stopped at a red stop light when the passenger vehicle directly behind the ai AV proceeded to rear-end the Pony.ai AV two times in quick succession The Pony.ai safety operator disengaged the Pony.ai AV from autonomous mode, and, concerned for his own safety, immediately drove the vehicle back to the Pony.ai Fremont office a distance of approximately 1 mile) The passenger vehicle which had rear-ended the Pony.ai AV followed the Pony.ai AV back to Pony.ai's Fremont office A brief interaction during which the driver of the passenger vehicle threatened ai employees, the passenger vehicle and driver drove away. The Fremont police took a report about the incident: There were no injuries reported  Pony _ fter Pony.=",8,37.483443,-121.934584,441503,1009,1,,,,,,,0,
C,6/8/23,10:37 PM,2022,Cruise,AV,2275 Revere Ave,San Francisco,San Francisco,94124,Stopped in Traffic,Moving,2,Minor,Autonomous,Clear,Dark - Street Lights,Dry,No Unusual Conditions,Stopped,Backing,Rear End,Mid-Sized Car,Highway/Freeway,Vehicle 2,0,None,"A Cruise autonomous vehicle (""Cruise AV""), operating in driverless autonomous mode, was traveling southbound on Revere Avenue between Industrial Street and Selby Street: The Cruise AV came to a stop behind a GMC Yukon that was stopped diagonally in the Cruise AV's lane of travel. After the Cruise AV came to complete stop, the GMC Yukon began reversing further into the Cruise AV's lane and made contact with the Cruise AV, damaging the front bumper fascia of the Cruise AV. The parties exchanged information and there were no reported injuries.",17,37.7386,-122.402923,023001,1003,1,44.4,1855,142,111,1082,382,138,63750
Weride,6/8/23,2:06 PM,2019,Nissan,Leaf,E Trimble Rd between Junction Ave and Zanker Rd,San Jose,Santa Clara,95134,Stopped in Traffic,Moving,2,Moderate,Autonomous,Clear,Daylight,Dry,No Unusual Conditions,Stopped,Backing,Rear End,Compact Car,Street,Vehicle 2,0,None,"At 2:06pm WeRide driverless vehicle (car 1) was stopped behind a big rig truck (vehicle 2). As our vehicle (car 1) was stopped behind the big rig truck, the big rig truck proceeded to reverse backwards and eventually collided into the WeRide vehicle (car 1) Both parties pulled over both involved vehicles and cooperated to exchange information: The damage sustained to the WeRide vehicle was moderate and the bid rig truck did not have any damage.","16, 17, 18",37.387215,-121.925361,505006,5037,5,31.3,1706,438,0,1206,35,27,170972
B,6/9/23,2:47 PM,2021,Jaguar,I-Pace,Fell Street at Laguna Street,San Francisco,San Francisco,94102,Moving,Stopped in Traffic,2,Minor,Conventional,Clear,Daylight,Dry,No Unusual Conditions,Backing,Parked,Rear End,Mid-Sized Car,Highway/Freeway,Vehicle 2,0,None,"On June 9, 2023 at 2:.47 PM PT a Waymo Autonomous Vehicle (""Waymo AV') operating in San Francisco, California was in a collision involving passenger car on Fell Street at Laguna Street. The Waymo AV was maneuvering out of a parallel parking spot at the right side curb on Fell Street: As it reversed, the rear f the Waymo AV made contact with the front of the passenger car parked directly behind it: At the time of the impact, the Waymo AV's Level 4 ADS was not engaged and a test driver was operating the Waymo AV in manual mode. Both the Waymo AV and the passenger car sustained damage.",8,37.775525,-122.42607,016300,2004,2,,,,,,,0,
C,6/9/23,10:22 PM,2022,Cruise,AV,2181 Harrison St,San Francisco,San Francisco,94110,Stopped in Traffic,Moving,2,Minor,Autonomous,Cloudy,Dark - Street Lights,Dry,No Unusual Conditions,Stopped,Proceeding Straight,Rear End,Truck/Bus,Street,Vehicle 2,0,None,"A Cruise autonomous vehicle (""Cruise AV""), operating in driverless autonomous mode, was traveling northbound on Harrison St: between 18th Street and 19th Street. As the Cruise AV was coming to stop for a stop sign at the intersection with 1Sth Street, a van approaching from the rear failed to stop behind the Cruise AV and made contact with the Cruise AV's rear bumper, damaging the rear bumper of the Cruise AV. Police and Emergency Medical Services were called and the Cruise AV was towed from the scene. The driver of the van was transported by Emergency Medical Services for further evaluation.","7, 8, 9",37.762264,-122.412708,022801,1011,1,39.3,2216,669,565,213,753,16,125956
B,6/11/23,3:44 PM,2021,Jaguar,I-Pace,Santiago Street near 42nd Avenue,San Francisco,San Francisco,94116,Stopped in Traffic,Moving,2,Minor,Autonomous,Clear,Daylight,Dry,No Unusual Conditions,Parked,Parking Maneuver,Rear End,Truck/Bus,Intersection,Vehicle 2,0,None,"On June 11, 2023 at 3:44 PM PT a Waymo Autonomous Vehicle (""Waymo AV"") operating in San Francisco, California was in a collision involving a passenger car on Santiago Street near 42nd Avenue. The Waymo AV was parallel parked along the curb on eastbound Santiago Street when a passenger car pulled up behind the Waymo AV. The front of the passenger car made contact with the rear of the Waymo AV. At the time of the impact, the Waymo AV’s Level 4 ADS was engaged in autonomous mode. The Waymo AV sus...",9,37.744478,-122.48911,032901,3003,3,49.8,1218,242,0,937,24,6,144667